11763,Nejanilini Lake Airport,Nejanilini Lake,Canada,\N,CYNN,59.48749924,-97.78029633,1000,\N,\N,\N,airport,OurAirports
11764,Owen Sound / Billy Bishop Regional Airport,Owen Sound,Canada,YOS,CYOS,44.59030151,-80.83750153,1007,\N,\N,\N,airport,OurAirports
11765,Port Hawkesbury Airport,Port Hawkesbury,Canada,YPS,CYPD,45.65670013,-61.36809921,377,\N,\N,\N,airport,OurAirports
11766,St Thomas Municipal Airport,St Thomas,Canada,YQS,CYQS,42.77000046,-81.1108017,778,\N,\N,\N,airport,OurAirports
11767,Ottawa / Rockcliffe Airport,Ottawa,Canada,YRO,CYRO,45.46030045,-75.64610291,188,\N,\N,\N,airport,OurAirports
11768,Ottawa / Carp Airport,Ottawa,Canada,\N,CYRP,45.31919861,-76.02220154,382,\N,\N,\N,airport,OurAirports
11769,Smiths Falls-Montague (Russ Beach) Airport,Smiths Falls,Canada,YSH,CYSH,44.94580078,-75.94059753,416,\N,\N,\N,airport,OurAirports
11770,St Leonard Airport,St Leonard,Canada,YSL,CYSL,47.15750122,-67.83470154,793,\N,\N,\N,airport,OurAirports
11771,Virden/R.J. (Bob) Andrew Field Regional Aerodrome,Virden,Canada,\N,CYVD,49.87829971,-100.9179993,1454,\N,\N,\N,airport,OurAirports
11772,Vernon Airport,Vernon,Canada,YVE,CYVK,50.24810028,-119.3310013,1140,\N,\N,\N,airport,OurAirports
11773,Beaver Creek Airport,Beaver Creek,Canada,YXQ,CYXQ,62.41030121,-140.8670044,2131,\N,\N,\N,airport,OurAirports
11774,Shuswap Regional Airport,Salmon Arm,Canada,YSN,CZAM,50.682802,-119.228996,1751,\N,\N,\N,airport,OurAirports
11775,Kelsey Airport,Kelsey,Canada,KES,CZEE,56.03749847,-96.50969696,600,\N,\N,\N,airport,OurAirports
11776,Pukatawagan Airport,Pukatawagan,Canada,XPK,CZFG,55.74919891,-101.2659988,958,\N,\N,\N,airport,OurAirports
11777,Grand Forks Airport,Grand Forks,Canada,ZGF,CZGF,49.0155983,-118.4309998,1720,\N,\N,\N,airport,OurAirports
11778,Jenpeg Airport,Jenpeg,Canada,ZJG,CZJG,54.51890182,-98.0460968,729,\N,\N,\N,airport,OurAirports
11779,Thicket Portage Airport,Thicket Portage,Canada,YTD,CZLQ,55.31890106,-97.70780182,678,\N,\N,\N,airport,OurAirports
11780,Pikwitonei Airport,Pikwitonei,Canada,PIW,CZMN,55.58890152,-97.16419983,630,\N,\N,\N,airport,OurAirports
11781,Poplar River Airport,Poplar River,Canada,XPP,CZNG,52.99652588,-97.27419376,728,\N,\N,\N,airport,OurAirports
11782,Pincher Creek Airport,Pincher Creek,Canada,WPC,CZPC,49.52059937,-113.9970016,3903,\N,\N,\N,airport,OurAirports
11783,Stewart Airport,Stewart,Canada,ZST,CZST,55.93541045,-129.9824345,24,\N,\N,\N,airport,OurAirports
11784,Ignace Municipal Airport,Ignace,Canada,ZUC,CZUC,49.42969894,-91.71779633,1435,\N,\N,\N,airport,OurAirports
11785,Neubrandenburg Airport,Neubrandenburg,Germany,FNB,EDBN,53.6022,13.306,228,\N,\N,\N,airport,OurAirports
11786,Airport Bamberg-Breitenau,Bamberg,Germany,\N,EDQA,49.920403,10.914233,811,\N,\N,\N,airport,OurAirports
11787,Zerbst Airport,Zerbst/Anhalt,Germany,\N,EDUZ,52.000832,12.148611,289,\N,\N,\N,airport,OurAirports
11788,RAF Spadeadam,Spadeadam,United Kingdom,\N,EGOM,55.04999924,-2.549999952,1066,\N,\N,\N,airport,OurAirports
11789,RAF Kinloss,Kinloss,United Kingdom,FSS,EGQK,57.6493988,-3.560640097,22,\N,\N,\N,airport,OurAirports
11790,BiaÅ‚a Podlaska Airfield,BiaÅ‚a Podlaska,Poland,BXP,EPBP,52.00078,23.1325278,485,\N,\N,\N,airport,OurAirports
11791,Cewice Air Base,LÄ™bork,Poland,\N,EPCE,54.416,17.7633,495,\N,\N,\N,airport,OurAirports
11792,Deblin Military Air Base,DÄ™blin,Poland,\N,EPDE,51.55139923,21.89360046,392,\N,\N,\N,airport,OurAirports
11793,Leczyca Military Air Base,Leczyca,Poland,\N,EPLY,52.00469971,19.14559937,377,\N,\N,\N,airport,OurAirports
11794,Minsk Mazowiecki Military Air Base,,Poland,\N,EPMM,52.19549942,21.65589905,604,\N,\N,\N,airport,OurAirports
11795,Powidz Military Air Base,,Poland,\N,EPPW,52.379398,17.853901,371,\N,\N,\N,airport,OurAirports
11796,Tomaszow Mazowiecki Military Air Base,TomaszÃ³w Mazowiecki,Poland,\N,EPTM,51.58440018,20.0977993,571,\N,\N,\N,airport,OurAirports
11797,BjÃ¶rkvik Air Base,BjÃ¶rkvik,Sweden,\N,ESKX,58.79079819,16.57119942,0,\N,\N,\N,airport,OurAirports
11798,Ljungbyhed Airport,Ljungbyhed,Sweden,\N,ESTL,56.08280182,13.21249962,140,\N,\N,\N,airport,OurAirports
11799,Daugavpils Intrenational Airport,Daugavpils,Latvia,DGP,EVDA,55.94472122,26.66500092,398,\N,\N,\N,airport,OurAirports
11800,JÄ“kabpils Air Base,JÄ“kabpils,Latvia,\N,EVKA,56.534698,25.8925,289,\N,\N,\N,airport,OurAirports
11801,JÅ«rmala Airport,Tukums,Latvia,\N,EVTA,56.9422,23.2239,220,\N,\N,\N,airport,OurAirports
11802,KÄ—dainiai Air Base,KÄ—dainiai,Lithuania,\N,EYKD,55.31169891,23.95639992,171,\N,\N,\N,airport,OurAirports
11803,Lime Acres Finsch Mine Airport,Lime Acres,South Africa,LMR,FALC,-28.36009979,23.43910027,4900,\N,\N,\N,airport,OurAirports
11804,Sua Pan Airport,Sowa,Botswana,SXN,FBSN,-20.5534,26.115801,2985,\N,\N,\N,airport,OurAirports
11805,Lusaka City Airport,Lusaka,Zambia,\N,FLLC,-15.41380024,28.33069992,4200,\N,\N,\N,airport,OurAirports
11806,Sumbe Airport,Sumbe,Angola,NDD,FNSU,-11.16790009,13.84749985,36,\N,\N,\N,airport,OurAirports
11807,Mangochi Airport,Mangochi,Malawi,MAI,FWMG,-14.4829998,35.26699829,1580,\N,\N,\N,airport,OurAirports
11808,Arandis Airport,Arandis,Namibia,ADI,FYAR,-22.46220016,14.97999954,1905,\N,\N,\N,airport,OurAirports
11809,Mariental Airport,Mariental,Namibia,\N,FYML,-24.60540009,17.92539978,3650,\N,\N,\N,airport,OurAirports
11810,Almaza Air Force Base,Cairo,Egypt,\N,HEAZ,30.09180069,31.36000061,300,\N,\N,\N,airport,OurAirports
11811,Beni Suef Air Base,Beni Suef,Egypt,\N,HEBS,29.20829964,31.01659966,108,\N,\N,\N,airport,OurAirports
11812,Jiyanklis Air Base,Jiyanklis,Egypt,\N,HEGS,30.81979942,30.19120026,49,\N,\N,\N,airport,OurAirports
11813,Merowe New Airport,Merowe,Sudan,MWE,HSMN,18.44333333,31.84333333,897,\N,\N,\N,airport,OurAirports
11814,St Louis Regional Airport,Alton/St Louis,United States,ALN,KALN,38.89030075,-90.04599762,544,\N,\N,\N,airport,OurAirports
11815,Chandler Field,Alexandria,United States,AXN,KAXN,45.86629868,-95.3946991,1425,\N,\N,\N,airport,OurAirports
11816,Columbus Municipal Airport,Columbus,United States,CLU,KBAK,39.26190186,-85.89630127,656,\N,\N,\N,airport,OurAirports
11817,Curtis Field,Brady,United States,BBD,KBBD,31.17930031,-99.32389832,1827,\N,\N,\N,airport,OurAirports
11818,Eastern Sierra Regional Airport,Bishop,United States,BIH,KBIH,37.37310028,-118.3639984,4124,\N,\N,\N,airport,OurAirports
11819,Baker City Municipal Airport,Baker City,United States,BKE,KBKE,44.83729935,-117.8089981,3373,\N,\N,\N,airport,OurAirports
11820,Miley Memorial Field,Big Piney,United States,BPI,KBPI,42.58509827,-110.1110001,6990,\N,\N,\N,airport,OurAirports
11821,Ozark Regional Airport,Mountain Home,United States,WMH,KBPK,36.3689003,-92.47049713,928,\N,\N,\N,airport,OurAirports
11822,W K Kellogg Airport,Battle Creek,United States,BTL,KBTL,42.30730057,-85.25150299,952,\N,\N,\N,airport,OurAirports
11823,Burley Municipal Airport,Burley,United States,BYI,KBYI,42.54259872,-113.7720032,4150,\N,\N,\N,airport,OurAirports
11824,Northeast Iowa Regional Airport,Charles City,United States,CCY,KCCY,43.07260132,-92.6108017,1125,\N,\N,\N,airport,OurAirports
11825,Chanute Martin Johnson Airport,Chanute,United States,CNU,KCNU,37.66880035,-95.48509979,1002,\N,\N,\N,airport,OurAirports
11826,Jacksonville Executive at Craig Airport,Jacksonville,United States,CRG,KCRG,30.3362999,-81.51439667,41,\N,\N,\N,airport,OurAirports
11827,Crossville Memorial Whitson Field,Crossville,United States,CSV,KCSV,35.95130157,-85.08499908,1881,\N,\N,\N,airport,OurAirports
11828,Davison Army Air Field,Fort Belvoir,United States,DAA,KDAA,38.71500015,-77.18099976,73,\N,\N,\N,airport,OurAirports
11829,Barstow Daggett Airport,Daggett,United States,DAG,KDAG,34.85369873,-116.7870026,1930,\N,\N,\N,airport,OurAirports
11830,Deming Municipal Airport,Deming,United States,DMN,KDMN,32.26229858,-107.7210007,4314,\N,\N,\N,airport,OurAirports
11831,Desert Rock Airport,Mercury,United States,DRA,KDRA,36.6194,-116.032997,3314,\N,\N,\N,airport,OurAirports
11832,Needles Airport,Needles,United States,EED,KEED,34.7663002,-114.6230011,983,\N,\N,\N,airport,OurAirports
11833,Duke Field,Crestview,United States,EGI,KEGI,30.65040016,-86.52290344,191,\N,\N,\N,airport,OurAirports
11834,Murray Field,Eureka,United States,EKA,KEKA,40.80339813,-124.112999,7,\N,\N,\N,airport,OurAirports
11835,San Marcos Regional Airport,San Marcos,United States,\N,KHYI,29.8927,-97.862999,597,\N,\N,\N,airport,OurAirports
11836,Sawyer County Airport,Hayward,United States,HYR,KHYR,46.02519989,-91.44429779,1216,\N,\N,\N,airport,OurAirports
11837,Kimble County Airport,Junction,United States,JCT,KJCT,30.51129913,-99.7634964,1749,\N,\N,\N,airport,OurAirports
11838,Monticello Municipal Ellis Field,Monticello,United States,\N,KLLQ,33.6385994,-91.75099945,270,\N,\N,\N,airport,OurAirports
11839,Derby Field,Lovelock,United States,LOL,KLOL,40.06639862,-118.5650024,3904,\N,\N,\N,airport,OurAirports
11840,Mobridge Municipal Airport,Mobridge,United States,MBG,KMBG,45.54650116,-100.4079971,1716,\N,\N,\N,airport,OurAirports
11841,Mc Comb/Pike County Airport/John E Lewis Field,Mc Comb,United States,MCB,KMCB,31.17849922,-90.47190094,413,\N,\N,\N,airport,OurAirports
11842,Southern Illinois Airport,Carbondale/Murphysboro,United States,MDH,KMDH,37.77809906,-89.2519989,411,\N,\N,\N,airport,OurAirports
11843,Mc Entire Joint National Guard Base,Eastover,United States,MMT,KMMT,33.92079926,-80.80130005,254,\N,\N,\N,airport,OurAirports
11844,Brunswick Executive Airport,Brunswick,United States,NHZ,KNHZ,43.89220047,-69.93859863,72,\N,\N,\N,airport,OurAirports
11845,Naval Station Mayport (Admiral David L. Mcdonald Field),Mayport,United States,NRB,KNRB,30.39109993,-81.42469788,15,\N,\N,\N,airport,OurAirports
11846,Orangeburg Municipal Airport,Orangeburg,United States,OGB,KOGB,33.45679855,-80.85949707,195,\N,\N,\N,airport,OurAirports
11847,Columbus Municipal Airport,Columbus,United States,\N,KOLU,41.44800186,-97.34259796,1447,\N,\N,\N,airport,OurAirports
11848,Ottumwa Regional Airport,Ottumwa,United States,OTM,KOTM,41.10660172,-92.44789886,845,\N,\N,\N,airport,OurAirports
11849,Cairns AAF (Fort Rucker) Air Field,Fort Rucker/Ozark,United States,OZR,KOZR,31.27569962,-85.71340179,301,\N,\N,\N,airport,OurAirports
11850,Ralph Wenz Field,Pinedale,United States,PWY,KPNA,42.79550171,-109.8069992,7102,\N,\N,\N,airport,OurAirports
11851,Dutchess County Airport,Poughkeepsie,United States,POU,KPOU,41.62659836,-73.88420105,165,\N,\N,\N,airport,OurAirports
11852,New Richmond Regional Airport,New Richmond,United States,\N,KRNH,45.14830017,-92.5381012,998,\N,\N,\N,airport,OurAirports
11853,Russell Municipal Airport,Russell,United States,RSL,KRSL,38.87210083,-98.8117981,1862,\N,\N,\N,airport,OurAirports
11854,Redwood Falls Municipal Airport,Redwood Falls,United States,RWF,KRWF,44.54719925,-95.08229828,1024,\N,\N,\N,airport,OurAirports
11855,Salinas Municipal Airport,Salinas,United States,SNS,KSNS,36.66279984,-121.6060028,85,\N,\N,\N,airport,OurAirports
11856,Sonora Municipal Airport,Sonora,United States,\N,KSOA,30.58569908,-100.6490021,2140,\N,\N,\N,airport,OurAirports
11857,Saline County Regional Airport,Benton,United States,\N,KSUZ,34.59059906,-92.47940063,390,\N,\N,\N,airport,OurAirports
11858,Tonopah Airport,Tonopah,United States,TPH,KTPH,38.06019974,-117.086998,5430,\N,\N,\N,airport,OurAirports
11859,Aurora State Airport,Aurora,United States,\N,KUAO,45.24710083,-122.7699966,200,\N,\N,\N,airport,OurAirports
11860,Ukiah Municipal Airport,Ukiah,United States,UKI,KUKI,39.12599945,-123.2009964,614,\N,\N,\N,airport,OurAirports
11861,University Oxford Airport,Oxford,United States,UOX,KUOX,34.38430023,-89.53679657,452,\N,\N,\N,airport,OurAirports
11862,Huntsville Regional Airport,Huntsville,United States,HTV,KUTS,30.74690056,-95.58719635,363,\N,\N,\N,airport,OurAirports
11863,Miller Field,Valentine,United States,VTN,KVTN,42.85779953,-100.5479965,2596,\N,\N,\N,airport,OurAirports
11864,Winnemucca Municipal Airport,Winnemucca,United States,WMC,KWMC,40.89659882,-117.8059998,4308,\N,\N,\N,airport,OurAirports
11865,West Woodward Airport,Woodward,United States,WWR,KWWR,36.438,-99.5226667,2189,\N,\N,\N,airport,OurAirports
11866,Cape Canaveral AFS Skid Strip,Cocoa Beach,United States,\N,KXMR,28.46759987,-80.56659698,10,\N,\N,\N,airport,OurAirports
11867,Homey (Area 51) Airport,Groom Lake,United States,\N,KXTA,37.23500061,-115.810997,4462,\N,\N,\N,airport,OurAirports
11868,Zanesville Municipal Airport,Zanesville,United States,ZZV,KZZV,39.94440079,-81.89209747,900,\N,\N,\N,airport,OurAirports
11869,GjadÃ«r Air Base,GjadÃ«r,Albania,\N,LAGJ,41.895199,19.5987,23,\N,\N,\N,airport,OurAirports
11870,KukÃ«s Airport,KukÃ«s,Albania,\N,LAKU,42.03369904,20.41589928,1120,\N,\N,\N,airport,OurAirports
11871,KuÃ§ovÃ« Air Base,KuÃ§ovÃ«,Albania,\N,LAKV,40.77190018,19.90189934,135,\N,\N,\N,airport,OurAirports
11872,VlorÃ« Air Base,VlorÃ«,Albania,\N,LAVL,40.47610092,19.4741993,3,\N,\N,\N,airport,OurAirports
11873,Haskovo Malevo Airport,Haskovo,Bulgaria,\N,LBHS,41.976398,25.5898,160,\N,\N,\N,airport,OurAirports
11874,Gabrovnitsa Air Base,Gabrovnitsa,Bulgaria,\N,LBMG,43.54430008,23.27249908,626,\N,\N,\N,airport,OurAirports
11875,Graf Ignatievo Air Base,Graf Ignatievo,Bulgaria,\N,LBPG,42.29040146,24.7140007,190,\N,\N,\N,airport,OurAirports
11876,Dolna Mitropoliya Air Base,Dolna Mitropoliya,Bulgaria,\N,LBPL,43.451401,24.5028,330,\N,\N,\N,airport,OurAirports
11877,Balchik Air Base,Balchik,Bulgaria,\N,LBWB,43.42380142,28.18129921,660,\N,\N,\N,airport,OurAirports
11878,Cuatro Vientos Airport,Madrid,Spain,ECV,LECU,40.370701,-3.78514,2269,\N,\N,\N,airport,OurAirports
11879,CastellÃ³n-Costa Azahar Airport,CastellÃ³n de la Plana,Spain,CDT,LEDS,40.213889,0.073333,1145,\N,\N,\N,airport,OurAirports
11880,Teruel Airport,Teruel,Spain,TEV,LETL,40.403,-1.2183,3380,\N,\N,\N,airport,OurAirports
11881,Blois-Le Breuil Airport,Blois/Le Breuil,France,\N,LFOQ,47.678502,1.20884,398,\N,\N,\N,airport,OurAirports
11882,Trento-Mattarello Airport,Trento (TN),Italy,\N,LIDT,46.0214,11.1242,610,\N,\N,\N,airport,OurAirports
11883,Alessandria Airport,Alessandria,Italy,\N,LILA,44.925201,8.62513,299,\N,\N,\N,airport,OurAirports
11884,Biella-Cerrione Airport,Biella (BI),Italy,\N,LILE,45.4953,8.10278,920,\N,\N,\N,airport,OurAirports
11885,Vercelli Airport,Vercelli,Italy,\N,LILI,45.310233,8.417935,417,\N,\N,\N,airport,OurAirports
11886,Casale Monferrato Airport,Casale Monferrato,Italy,\N,LILM,45.111198,8.45603,377,\N,\N,\N,airport,OurAirports
11887,Varese-Venegono Airport,Varese,Italy,\N,LILN,45.742199,8.888233,1050,\N,\N,\N,airport,OurAirports
11888,Novi Ligure Airport,Novi Ligure,Italy,\N,LIMR,44.779999,8.78639,607,\N,\N,\N,airport,OurAirports
11889,Sarzana-Luni Air Base,Sarzana (SP),Italy,QLP,LIQW,44.088001,9.98795,45,\N,\N,\N,airport,OurAirports
11890,CÃ¢mpia Turzii Air Base,CÃ¢mpia Turzii,Romania,\N,LRCT,46.50230026,23.8859005,1083,\N,\N,\N,airport,OurAirports
11891,MÄƒrculeÅŸti International Airport,MÄƒrculeÅŸti,Moldova,\N,LUBM,47.86270142,28.21279907,312,\N,\N,\N,airport,OurAirports
11892,Cahul International Airport,Cahul,Moldova,\N,LUCH,45.84379959,28.26370049,652,\N,\N,\N,airport,OurAirports
11893,Tiraspol Airport,Tiraspol,Moldova,\N,LUTR,46.86809921,29.59059906,141,\N,\N,\N,airport,OurAirports
11894,Batajnica Air Base,Batajnica,Serbia,BJY,LYBT,44.935299,20.2575,265,\N,\N,\N,airport,OurAirports
11895,Rubelsanto Airport,Rubelsanto,Guatemala,RUV,MGRB,15.99199963,-90.44529724,426,\N,\N,\N,airport,OurAirports
11896,Coronel Enrique Soto Cano Air Base,Comayagua,Honduras,XPL,MHSC,14.3824,-87.621201,2061,\N,\N,\N,airport,OurAirports
11897,Upala Airport,Upala,Costa Rica,UPL,MRUP,10.8922,-85.016197,184,\N,\N,\N,airport,OurAirports
11898,San Nicolas De Bari Airport,San NicolÃ¡s,Cuba,QSN,MUNB,22.7560997,-81.92089844,49,\N,\N,\N,airport,OurAirports
11899,San Julian Air Base,Pinar Del Rio,Cuba,SNJ,MUSJ,22.09530067,-84.15200043,98,\N,\N,\N,airport,OurAirports
11900,King Salman Abdulaziz Airport,,Saudi Arabia,DWD,OEDM,24.4499,44.121201,3026,\N,\N,\N,airport,OurAirports
11901,King Khaled Air Base,,Saudi Arabia,KMX,OEKM,18.29730034,42.80350113,6778,\N,\N,\N,airport,OurAirports
11902,Riyadh Air Base,Riyadh,Saudi Arabia,XXN,OERY,24.70980072,46.72520065,2082,\N,\N,\N,airport,OurAirports
11903,Jam Airport,Kangan,Iran,KNR,OIBJ,27.82049942,52.35219955,2173,\N,\N,\N,airport,OurAirports
11904,Hamadan Air Base,Hamadan,Iran,\N,OIHS,35.21160126,48.65340042,5609,\N,\N,\N,airport,OurAirports
11905,Payam International Airport,Karaj,Iran,PYK,OIIP,35.77610016,50.8266983,4170,\N,\N,\N,airport,OurAirports
11906,Ahmed Al Jaber Air Base,Ahmed Al Jaber AB,Kuwait,XIJ,OKAJ,28.93479919,47.79190063,409,\N,\N,\N,airport,OurAirports
11907,Rayak Air Base,Rayak,Lebanon,\N,OLRA,33.85079956,35.98770142,3018,\N,\N,\N,airport,OurAirports
11908,Mirpur Khas Air Base,Mirpur Khas,Pakistan,\N,OPMK,25.682501,69.0728,180,\N,\N,\N,airport,OurAirports
11909,Minhas Air Base,Kamra,Pakistan,ATG,OPMS,33.86909866,72.40090179,1023,\N,\N,\N,airport,OurAirports
11910,Rafiqui Air Base,Shorkot,Pakistan,\N,OPRQ,30.75810051,72.28250122,492,\N,\N,\N,airport,OurAirports
11911,Faisal Air Base,Karachi,Pakistan,\N,OPSF,24.87420082,67.11849976,29,\N,\N,\N,airport,OurAirports
11912,Mushaf Air Base,Sargodha,Pakistan,SGI,OPSR,32.04859924,72.66500092,614,\N,\N,\N,airport,OurAirports
11913,Qayyarah West Airport,Qayyarah,Iraq,RQW,ORQW,35.76720047,43.12509918,749,\N,\N,\N,airport,OurAirports
11914,Al Sahra Army Air Field,Tikrit,Iraq,\N,ORSH,34.6731987,43.54299927,451,\N,\N,\N,airport,OurAirports
11915,Tall Afar Army Air Field,Tall Afar,Iraq,\N,ORTF,36.28310013,42.40299988,996,\N,\N,\N,airport,OurAirports
11916,Al Taji Army Air Field,Taji,Iraq,\N,ORTI,33.52389908,44.25669861,121,\N,\N,\N,airport,OurAirports
11917,Ubaydah Bin Al Jarrah Airport,Al Cut,Iraq,\N,ORUB,32.48199844,45.75709915,68,\N,\N,\N,airport,OurAirports
11918,Nenana Municipal Airport,Nenana,United States,ENN,PANN,64.54730225,-149.0740051,362,\N,\N,\N,airport,OurAirports
11919,Wasilla Airport,Wasilla,United States,WWA,PAWS,61.57170105,-149.5399933,354,\N,\N,\N,airport,OurAirports
11920,Gangshan Air Force Base,Gangshan,Taiwan,\N,RCAY,22.78249931,120.2630005,34,\N,\N,\N,airport,OurAirports
11921,Asahikawa Airfield,,Japan,\N,RJCA,43.794734,142.365432,377,\N,\N,\N,airport,OurAirports
11922,Iwakuni Marine Corps Air Station,Iwakuni,Japan,IWK,RJOI,34.143902,132.235992,7,\N,\N,\N,airport,OurAirports
11923,Utsunomiya Airport,,Japan,\N,RJTU,36.5145,139.87101,334,\N,\N,\N,airport,OurAirports
11924,Jungwon Air Base/Chungju Airport,,South Korea,\N,RKTI,37.03024,127.886353,281,\N,\N,\N,airport,OurAirports
11925,Ie Jima Airport,Ie,Japan,IEJ,RORE,26.72200012,127.7850037,246,\N,\N,\N,airport,OurAirports
11926,Allah Valley Airport,Surallah,Philippines,AAV,RPMA,6.366819859,124.7509995,659,\N,\N,\N,airport,OurAirports
11927,Bislig Airport,,Philippines,BPH,RPMF,8.195949554,126.3219986,12,\N,\N,\N,airport,OurAirports
11928,Mati National Airport,,Philippines,MXI,RPMQ,6.949091,126.27368,156,\N,\N,\N,airport,OurAirports
11929,Presidente NÃ©stor Kirchner Regionsl Airport,Villa Maria,Argentina,\N,SAOV,-32.3201,-63.22663,670,\N,\N,\N,airport,OurAirports
11930,Chafei Amsei Airport,Barretos,Brazil,BAT,SBBT,-20.58449936,-48.59410095,1898,\N,\N,\N,airport,OurAirports
11931,Base de AviaÃ§Ã£o de TaubatÃ© Airport,TaubatÃ©,Brazil,QHP,SBTA,-23.0401001,-45.51599884,1908,\N,\N,\N,airport,OurAirports
11932,Barriles Airport,Tocopilla,Chile,TOQ,SCBE,-22.14109993,-70.06289673,3475,\N,\N,\N,airport,OurAirports
11933,Schroeder's field,Cochrane,Chile,\N,SCHR,35.071718,-91.738801,0,\N,\N,\N,airport,OurAirports
11934,ChaÃ±aral Airport,ChaÃ±aral,Chile,CNR,SCRA,-26.33250046,-70.6072998,97,\N,\N,\N,airport,OurAirports
11935,Panguilemo Airport,Talca,Chile,TLX,SCTL,-35.37779999,-71.60169983,371,\N,\N,\N,airport,OurAirports
11936,Victoria Airport,Victoria,Chile,ZIC,SCTO,-38.24560165,-72.34860229,1148,\N,\N,\N,airport,OurAirports
11937,Las Breas Airport,Taltal,Chile,TTC,SCTT,-25.56430054,-70.37590027,2580,\N,\N,\N,airport,OurAirports
11938,Gomez Nino Apiay Air Base,Apiay,Colombia,API,SKAP,4.07607,-73.5627,1207,\N,\N,\N,airport,OurAirports
11939,CoveÃ±as Airport,CoveÃ±as,Colombia,CVE,SKCV,9.40092,-75.6913,31,\N,\N,\N,airport,OurAirports
11940,German Olano Air Base,La Dorada,Colombia,PAL,SKPQ,5.48361,-74.6574,566,\N,\N,\N,airport,OurAirports
11941,Paz De Ariporo Airport,Paz De Ariporo,Colombia,PZA,SKPZ,5.87615,-71.8866,900,\N,\N,\N,airport,OurAirports
11942,Tunja Airport,Tunja,Colombia,\N,SKTJ,5.54138,-73.3445,8940,\N,\N,\N,airport,OurAirports
11943,Tres Esquinas Air Base,Tres Esquinas,Colombia,TQS,SKTQ,0.7459,-75.234,585,\N,\N,\N,airport,OurAirports
11944,MarandÃºa Air Base,MarandÃºa,Colombia,\N,SKUA,5.52448,-68.6856,285,\N,\N,\N,airport,OurAirports
11945,Juan Simons Vela Airport,Rioja,Peru,RIJ,SPJA,-6.067860126,-77.16000366,2707,\N,\N,\N,airport,OurAirports
11946,Shumba Airport,JaÃ©n,Peru,JAE,SPJE,-5.59248,-78.774002,2477,\N,\N,\N,airport,OurAirports
11947,Metropolitano Airport,,Venezuela,\N,SVMP,10.13316917,-66.78782654,574,\N,\N,\N,airport,OurAirports
11948,Issyk-Kul International Airport,Tamchy,Kyrgyzstan,IKU,UAFL,42.58792,76.713046,5425,\N,\N,\N,airport,OurAirports
11949,Kant Air Base,Kant,Kyrgyzstan,\N,UAFW,42.85319901,74.84649658,2549,\N,\N,\N,airport,OurAirports
11950,Ayaguz Airport,Ayaguz,Kazakhstan,\N,UASA,47.91859818,80.45279694,2119,\N,\N,\N,airport,OurAirports
11951,Chelkar Airport,Chelkar,Kazakhstan,\N,UATR,47.90499878,59.61999893,0,\N,\N,\N,airport,OurAirports
11952,Kyzyl-Syr Airport,Kyzyl-Syr,Russia,\N,UENK,63.88499832,122.7770004,331,\N,\N,\N,airport,OurAirports
11953,Vilyuisk Airport,Vilyuisk,Russia,VYI,UENW,63.75666809,121.6933365,361,\N,\N,\N,airport,OurAirports
11954,Belaya Gora Airport,,Russia,BGN,UESG,68.556602,146.231506,118,\N,\N,\N,airport,OurAirports
11955,Dzhermuk Airport,Dzhermuk,Armenia,\N,UGEJ,39.82400131,45.67399979,0,\N,\N,\N,airport,OurAirports
11956,Kamenny Ruchey Naval Air Base,Sovetskaya Gavan,Russia,\N,UHKG,49.23570251,140.1931,659,\N,\N,\N,airport,OurAirports
11957,Maygatka Airport.,Sovetskaya Gavan,Russia,GVN,UHKM,48.92699814,140.0339966,768,\N,\N,\N,airport,OurAirports
11958,Omsukchan Airport,Omsukchan,Russia,\N,UHMF,62.45700073,155.7449951,1732,\N,\N,\N,airport,OurAirports
11959,Chaybukha Airport,Chaybukha,Russia,\N,UHMG,61.83499908,160.5480042,207,\N,\N,\N,airport,OurAirports
11960,Keperveem Airport,Keperveem,Russia,\N,UHMK,67.84500122,166.1399994,623,\N,\N,\N,airport,OurAirports
11961,Magadan-13 Airport,Magadan,Russia,\N,UHMT,59.62329865,150.9219971,164,\N,\N,\N,airport,OurAirports
11962,Nikolayevsk-na-Amure Airport,Nikolayevsk-na-Amure Airport,Russia,NLI,UHNN,53.154999,140.649994,170,\N,\N,\N,airport,OurAirports
11963,Palana Airport,Palana,Russia,\N,UHPL,59.08169937,159.8880005,112,\N,\N,\N,airport,OurAirports
11964,Zheleznogorsk Airport,Zheleznogorsk-Ilimsky,Russia,\N,UIBV,56.48770142,104.1060028,1946,\N,\N,\N,airport,OurAirports
11965,Gvardeyskoe Air Base,Sarabuz,Ukraine,\N,UKFG,45.11500168,33.97700119,721,\N,\N,\N,airport,OurAirports
11966,Saki Air Base,Saki,Ukraine,\N,UKFI,45.0929985,33.59500122,36,\N,\N,\N,airport,OurAirports
11967,Dzhankoy Airport,Dzhankoy,Ukraine,\N,UKFY,45.70090103,34.41889954,75,\N,\N,\N,airport,OurAirports
11968,Ozerne Air Base,Zhytomyr,Ukraine,\N,UKKO,50.158298,28.7383,761,\N,\N,\N,airport,OurAirports
11969,Severomorsk-1 Naval Air Base,Severomorsk,Russia,\N,ULAK,69.03166962,33.41833115,239,\N,\N,\N,airport,OurAirports
11970,Pushkin Airport,St. Petersburg,Russia,\N,ULLP,59.685001,30.338301,230,\N,\N,\N,airport,OurAirports
11971,Siversky Air Base,Siversky,Russia,\N,ULLS,59.3567009,30.0366993,341,\N,\N,\N,airport,OurAirports
11972,Staraya Russa Air Base,Staraya Russa,Russia,\N,ULNR,57.961399,31.384399,52,\N,\N,\N,airport,OurAirports
11973,Peski Airport,Petrozavodsk,Russia,\N,ULPP,61.83194351,34.29555511,0,\N,\N,\N,airport,OurAirports
11974,Baranavichi Air Base,Baranavichi,Belarus,\N,UMMA,53.09999847,26.04999924,0,\N,\N,\N,airport,OurAirports
11975,Babruisk Air Base,Babruisk,Belarus,\N,UMNB,53.105,29.205,502,\N,\N,\N,airport,OurAirports
11976,Severo-Eniseysk Airport,Severo-Eniseysk,Russia,\N,UNIS,60.37329865,93.01170349,1706,\N,\N,\N,airport,OurAirports
11977,Sharypovo Airport,Sharypovo,Russia,\N,UNKO,55.45491409,89.17388153,1099,\N,\N,\N,airport,OurAirports
11978,Omsk Severny Airport,Omsk,Russia,\N,UNOS,54.97499847,73.55500031,0,\N,\N,\N,airport,OurAirports
11979,Nagurskoye,Murmansk,Russia,\N,UODN,80.803207,47.663586,59,\N,\N,\N,airport,OurAirports
11980,Svetlogorsk Airport,Svetlogorsk,Russia,\N,UOIG,66.83999634,88.40333557,394,\N,\N,\N,airport,OurAirports
11981,Valek Airport,Valek,Russia,\N,UOOW,69.39690399,88.35368347,108,\N,\N,\N,airport,OurAirports
11982,Khanskaya Air Base,Maykop,Russia,\N,URKH,44.68,40.035,600,\N,\N,\N,airport,OurAirports
11983,Dudinka Airport,Dudinka,Russia,\N,UROD,69.375,86.15666962,82,\N,\N,\N,airport,OurAirports
11984,Volgodonsk Airport,,Russia,VLK,URRY,47.68209839,42.07279968,276,\N,\N,\N,airport,OurAirports
11985,Tashkent East Airport,Tashkent,Uzbekistan,\N,UTTP,41.31269836,69.3914032,1574,\N,\N,\N,airport,OurAirports
11986,Myachkovo Airport,Moscow,Russia,\N,UUBM,55.56000137,37.98500061,410,\N,\N,\N,airport,OurAirports
11987,Tretyakovo Airport,Lukhovitsy,Russia,\N,UUMT,54.90499878,39.02666855,515,\N,\N,\N,airport,OurAirports
11988,Yermolino Airport,Balabanovo,Russia,\N,UUWE,55.22833252,36.60833359,640,\N,\N,\N,airport,OurAirports
11989,Inta Airport,Inta,Russia,INA,UUYI,66.05483246,60.11032104,184,\N,\N,\N,airport,OurAirports
11990,Izhma Airport,Izhma,Russia,\N,UUYV,65.03170013,53.97000122,230,\N,\N,\N,airport,OurAirports
11991,Borisoglebskoye Airport,Kazan,Russia,\N,UWKG,55.86669922,49.13330078,213,\N,\N,\N,airport,OurAirports
11992,Zhigansk Airport,Zhigansk,Russia,ZIX,UWKV,66.79650116,123.3610001,292,\N,\N,\N,airport,OurAirports
11993,Maksimovka Airport,Ufa,Russia,\N,UWUM,54.83000183,56.16830063,325,\N,\N,\N,airport,OurAirports
11994,Buguruslan Severny Airport,Buguruslan,Russia,\N,UWWB,53.71839905,52.37189865,728,\N,\N,\N,airport,OurAirports
11995,Bezymyanka Airfield,Samara,Russia,\N,UWWG,53.22000122,50.32500076,135,\N,\N,\N,airport,OurAirports
11996,Ratnagiri Airport,,India,RTC,VARG,17.013599,73.327797,305,\N,\N,\N,airport,OurAirports
11997,Hingurakgoda Air Force Base,Polonnaruwa Town,Sri Lanka,HIM,VCCH,8.04981,80.9814,170,\N,\N,\N,airport,OurAirports
11998,Kazi Nazrul Islam Airport,Durgapur,India,RDP,VEDG,23.6225,87.243,300,\N,\N,\N,airport,OurAirports
11999,Ambala Air Force Station,,India,\N,VIAM,30.36809921,76.8167038,909,\N,\N,\N,airport,OurAirports
12000,Sirsa Air Force Station,,India,\N,VISA,29.56060028,75.00610352,650,\N,\N,\N,airport,OurAirports
12001,Udhampur Air Force Station,,India,\N,VIUX,32.90219879,75.15619659,2066,\N,\N,\N,airport,OurAirports
12002,Sri Sathya Sai Airport,Puttaparthi,India,PUT,VOPN,14.14929962,77.79109955,1558,\N,\N,\N,airport,OurAirports
12003,Meiktila Air Base,Meiktila,Burma,\N,VYML,20.88640022,95.89279175,699,\N,\N,\N,airport,OurAirports
12004,Changi Air Base (East),Singapore,Singapore,\N,WSAC,1.344140053,104.0090027,22,\N,\N,\N,airport,OurAirports
12005,Soltsy-2 Air Base,Soltsy,Russia,\N,XLLL,58.139545,30.33042,266,\N,\N,\N,airport,OurAirports
12006,Severomorsk-3 Naval Air Base,Severomorsk,Russia,\N,XLMV,68.866669,33.716667,564,\N,\N,\N,airport,OurAirports
12007,Fedotovo Naval Air Base,Kipelovo,Russia,\N,XLWF,59.193031,39.129411,574,\N,\N,\N,airport,OurAirports
12008,Lebyazhye Air Base,Kamyshin,Russia,\N,XRWL,50.2016983,45.20830154,381,\N,\N,\N,airport,OurAirports
12009,Smolensk North Airport,Smolensk,Russia,LNX,XUBS,54.824,32.025,820,\N,\N,\N,airport,OurAirports
12010,Rtishchevo Air Base,Rtishchevo,Russia,\N,XWPR,52.297317,43.7241,673,\N,\N,\N,airport,OurAirports
12011,Alpha Airport,Alpha,Australia,ABH,YAPH,-23.646099,146.584,1255,\N,\N,\N,airport,OurAirports
12012,Ararat Airport,,Australia,ARY,YARA,-37.30939865,142.9889984,1008,\N,\N,\N,airport,OurAirports
12013,Benalla Airport,,Australia,BLN,YBLA,-36.55189896,146.0070038,569,\N,\N,\N,airport,OurAirports
12014,Balranald Airport,,Australia,BZD,YBRN,-34.62360001,143.5780029,210,\N,\N,\N,airport,OurAirports
12015,Brewarrina Airport,,Australia,BWQ,YBRW,-29.97389984,146.8170013,414,\N,\N,\N,airport,OurAirports
12016,Cleve Airport,,Australia,CVC,YCEE,-33.70970154,136.5050049,589,\N,\N,\N,airport,OurAirports
12017,Corowa Airport,,Australia,CWW,YCOR,-35.99470139,146.3569946,469,\N,\N,\N,airport,OurAirports
12018,Corryong Airport,,Australia,CYG,YCRG,-36.18280029,147.8880005,963,\N,\N,\N,airport,OurAirports
12019,Cootamundra Airport,,Australia,CMD,YCTM,-34.62390137,148.0279999,1110,\N,\N,\N,airport,OurAirports
12020,Dirranbandi Airport,,Australia,DRN,YDBI,-28.5916996,148.2169952,567,\N,\N,\N,airport,OurAirports
12021,Deniliquin Airport,Deniliquin,Australia,DNQ,YDLQ,-35.55939865,144.9459991,316,\N,\N,\N,airport,OurAirports
12022,Dysart Airport,,Australia,DYA,YDYS,-22.62220001,148.3639984,670,\N,\N,\N,airport,OurAirports
12023,Echuca Airport,,Australia,ECH,YECH,-36.15719986,144.7619934,323,\N,\N,\N,airport,OurAirports
12024,Forbes Airport,Forbes,Australia,FRB,YFBS,-33.363602,147.934998,760,\N,\N,\N,airport,OurAirports
12025,Gunnedah Airport,,Australia,GUH,YGDH,-30.96109962,150.2510071,863,\N,\N,\N,airport,OurAirports
12026,Hay Airport,,Australia,HXX,YHAY,-34.53139877,144.8300018,305,\N,\N,\N,airport,OurAirports
12027,Hopetoun Airport,,Australia,HTU,YHPN,-35.71530151,142.3600006,256,\N,\N,\N,airport,OurAirports
12028,Kerang Airport,,Australia,KRA,YKER,-35.75139999,143.9389954,254,\N,\N,\N,airport,OurAirports
12029,Kempsey Airport,,Australia,KPS,YKMP,-31.07439995,152.7700043,54,\N,\N,\N,airport,OurAirports
12030,Kingaroy Airport,,Australia,KGY,YKRY,-26.5807991,151.8410034,1492,\N,\N,\N,airport,OurAirports
12031,Latrobe Valley Airport,Morwell,Australia,TGN,YLTV,-38.207199,146.470001,180,\N,\N,\N,airport,OurAirports
12032,Mareeba Airport,,Australia,MRG,YMBA,-17.06920052,145.4190063,1560,\N,\N,\N,airport,OurAirports
12033,Ngukurr Airport,,Australia,RPM,YNGU,-14.72280025,134.746994,45,\N,\N,\N,airport,OurAirports
12034,Narromine Airport,,Australia,QRM,YNRM,-32.21469879,148.2250061,782,\N,\N,\N,airport,OurAirports
12035,Port Pirie Airport,,Australia,PPI,YPIR,-33.23889923,137.9949951,40,\N,\N,\N,airport,OurAirports
12036,Smithton Airport,,Australia,SIO,YSMI,-40.83499908,145.0839996,31,\N,\N,\N,airport,OurAirports
12037,Snake Bay Airport,,Australia,SNB,YSNB,-11.42280006,130.654007,173,\N,\N,\N,airport,OurAirports
12038,Stawell Airport,,Australia,SWC,YSWL,-37.07170105,142.7409973,807,\N,\N,\N,airport,OurAirports
12039,Tibooburra Airport,,Australia,TYB,YTIB,-29.4510994,142.0579987,584,\N,\N,\N,airport,OurAirports
12040,Tumut Airport,,Australia,TUM,YTMU,-35.26279831,148.2409973,878,\N,\N,\N,airport,OurAirports
12041,Wangaratta Airport,,Australia,WGT,YWGT,-36.41579819,146.3070068,504,\N,\N,\N,airport,OurAirports
12042,Warracknabeal Airport,,Australia,WKB,YWKB,-36.32109833,142.4190063,397,\N,\N,\N,airport,OurAirports
12043,Warren Airport,,Australia,QRR,YWRN,-31.73329926,147.8029938,669,\N,\N,\N,airport,OurAirports
12044,West Sale Airport,Sale,Australia,SXE,YWSL,-38.090827,146.965335,72,\N,\N,\N,airport,OurAirports
12045,West Wyalong Airport,West Wyalong,Australia,WWY,YWWL,-33.93719864,147.1909943,859,\N,\N,\N,airport,OurAirports
12046,Young Airport,,Australia,NGA,YYNG,-34.25559998,148.2480011,1267,\N,\N,\N,airport,OurAirports
12047,Guangzhou MR Air Base,Guanghua,China,LHK,ZHGH,32.38940048,111.6949997,0,\N,\N,\N,airport,OurAirports
12048,Shiyan Wudangshan Airport,Shiyan,China,WDS,ZHSY,32.591667,110.907778,0,\N,\N,\N,airport,OurAirports
12049,Sunchon Air Base,Sunchon,North Korea,\N,ZKSC,39.415699,125.894997,141,\N,\N,\N,airport,OurAirports
12050,Huatugou Airport,Mengnai,China,HTT,ZLHX,38.201984,90.841495,2945,\N,\N,\N,airport,OurAirports
12051,Baruun Urt Airport,,Mongolia,UUN,ZMBU,46.66030121,113.2850037,3205,\N,\N,\N,airport,OurAirports
12052,Bengbu Airport,Bengbu,China,BFU,ZSBB,32.84773333,117.3202444,100,\N,\N,\N,airport,OurAirports
12053,Rugao Air Base,Rugao,China,RUG,ZSRG,32.25788498,120.5016556,0,\N,\N,\N,airport,OurAirports
12054,Wuhu Air Base,Wuhu,China,WHU,ZSWU,31.3906,118.408997,0,\N,\N,\N,airport,OurAirports
12055,Shanshan Airport,Shanshan,China,SXJ,ZWSS,42.9117012,90.24749756,0,\N,\N,\N,airport,OurAirports
12056,Yingkou Lanqi Airport,Yingkou,China,YKH,ZYYK,40.542524,122.3586,0,\N,\N,\N,airport,OurAirports
12057,Shenyang Dongta Airport,Shenyang,China,\N,ZYYY,41.78440094,123.4960022,0,\N,\N,\N,airport,OurAirports
12058,Bogorodskoye Airport,Bogorodskoe,Russia,BQG,UHNB,52.38,140.448,0,11,U,\N,airport,OurAirports
12059,Itapiranga Airport,Itapiranga,Brazil,\N,SSYT,-27.14249992,-53.68579865,1247,-3,S,\N,airport,OurAirports
12069,Aguas Calientes Airport,Aguas Calientes,Peru,\N,SPAT,-8.833330154,-74.6832962,9840,-6,U,\N,airport,OurAirports
12087,Rajiv Gandhi International Airport,Hyderabad,India,HYD,VOHS,17.23131752,78.42985535,2024,5.5,N,\N,airport,OurAirports
12090,Vancouver International Seaplane Base,Vancouver,Canada,\N,CAM9,49.177047,-123.168154,0,-8,A,\N,airport,OurAirports
12096,Bressaucourt Airport,Bressaucourt-Porrentruy,Switzerland,\N,LSZQ,47.392677,7.028648,1866,1,E,\N,airport,OurAirports
12104,Parakou Airport,Parakou,Benin,PKO,DBBP,9.357689857,2.609679937,1266,1,U,\N,airport,OurAirports
12106,Kandi Airport,Kandi,Benin,KDC,DBBK,11.14479,2.940381,951,1,U,\N,airport,OurAirports
12109,SokodÃ© Airport,Sokode,Togo,\N,DXSK,8.994275,1.153004,1214,0,U,\N,airport,OurAirports
12110,SansannÃ©-Mango Airport,Mango,Togo,\N,DXMG,10.37301064,0.4713821411,460,0,U,\N,airport,OurAirports
12133,Arnbruck Airport,Arnbruck,Germany,\N,EDNB,49.12472153,12.98555565,1716,1,U,\N,airport,OurAirports
12163,JacarepaguÃ¡ - Roberto Marinho Airport,Rio de Janeiro,Brazil,\N,SBJR,-22.987499,-43.369999,10,-3,S,\N,airport,OurAirports
12165,Hacaritama Airport,Aguachica,Colombia,\N,SKAG,8.247,-73.5814,545,-5,N,\N,airport,OurAirports
12172,Hermannsburg Airport,Hermannsburg,Australia,HMG,YHMB,-23.93000031,132.8049927,593,9.5,N,\N,airport,OurAirports
12182,Mount Davies Airport,Pipalyatjara,Australia,\N,YMDV,-26.16670036,129.1329956,0,9.5,O,\N,airport,OurAirports
12183,Areyonga Airport,Areyonga,Australia,\N,YARN,-24.06669998,132.2669983,0,9.5,N,\N,airport,OurAirports
12185,Tracy Municipal Airport,Tracy,United States,\N,KTCY,37.68899918,-121.4420013,193,-8,A,\N,airport,OurAirports
12217,Mount Allan Airport,Yuelamu,Australia,\N,YMNA,-22.27499962,132.2169952,0,9.5,N,\N,airport,OurAirports
12218,Everard Park Airport,Mimili,Australia,\N,YEVP,-27.01670074,132.7169952,0,9.5,O,\N,airport,OurAirports
12219,Warrabri Airport,Ali-Curung,Australia,\N,YWBI,-21,134.3970032,383,9.5,N,\N,airport,OurAirports
12310,Krefeld-Egelsberg Airport,Krefeld,Germany,\N,EDLK,51.38499832,6.587778091,141,1,U,\N,airport,OurAirports
12311,Baidoa Airport,Baidoa,Somalia,BIB,HCMB,3.102220058,43.62860107,1820,3,U,\N,airport,OurAirports
12340,Ampilatwatja Airport,Ampilatwatja,Australia,\N,YAMJ,-21.65500069,135.2299957,0,9.5,N,\N,airport,OurAirports
12360,Kings Creek Airport,Petermann,Australia,KCS,YKCS,-24.42329979,131.8350067,615,9.5,N,\N,airport,OurAirports
12361,Harts Range Airport,Harts Range,Australia,\N,YHTS,-22.98500061,134.9179993,0,9.5,N,\N,airport,OurAirports
12391,Elliott Airport,Elliott,Australia,\N,YELL,-17.52742958,133.529892,0,9.5,N,\N,airport,OurAirports
12392,Papunya Airport,Papunya,Australia,\N,YPAY,-23.24670029,131.9029999,620,9.5,N,\N,airport,OurAirports
12444,Fregon Airport,Fregon,Australia,\N,YFRG,-26.77499962,132.0169983,528,9.5,O,\N,airport,OurAirports
12445,Mount Liebig Airport,Mt Liebig,Australia,\N,YLBG,-23.24329948,131.2599945,0,9.5,N,\N,airport,OurAirports
12469,Bolton Field,Columbus,United States,\N,KTZR,39.90119934,-83.13690186,905,4,A,\N,airport,OurAirports
12470,Baltrum Airport,Baltrum,Germany,BMR,EDWZ,53.72472382,7.373332977,7,1,E,\N,airport,OurAirports
12528,Skagit Regional Airport,Skagit,United States,MVW,KBVS,48.47090149,-122.4209976,144,-8,A,\N,airport,OurAirports
12618,Goondiwindi Airport,Goondiwindi,Australia,GOO,YGDI,-28.52140045,150.3200073,714,10,O,\N,airport,OurAirports
12619,Liman Airfield,Odesa,Ukraine,\N,UKOE,46.57851,30.703053,0,2,E,\N,airport,OurAirports
12640,Lognes Emerainville Airport,Lognes,France,\N,LFPL,48.821028,2.625967,359,1,E,\N,airport,OurAirports
12672,Marion County Brown Field,Jasper,United States,APT,KAPT,35.060699,-85.585297,641,-5,A,\N,airport,OurAirports
12673,Evergreen Regional Airport/Middleton Field,Evergreen,United States,\N,KGZH,31.4158,-87.043999,259,-6,A,\N,airport,OurAirports
12675,Pryor Field Regional Airport,Decatur,United States,DCU,KDCU,34.65269852,-86.94539642,592,-6,A,\N,airport,OurAirports
12676,Glasgow Municipal Airport,Glasgow,United States,GLW,KGLW,37.03179932,-85.9536972,716,-6,A,\N,airport,OurAirports
12796,Danielson Airport,Danielson,United States,\N,KLZD,41.81969833,-71.90100098,238,-5,A,\N,airport,OurAirports
12844,Docker River Airport,Docker River,Australia,DKV,YDVR,-24.86000061,129.0700073,589,9.5,N,\N,airport,OurAirports
12856,Clearfield Lawrence Airport,Clearfield,United States,\N,KFIG,41.04859924,-78.4131012,1516,-5,A,\N,airport,OurAirports
12873,Jasper County Airport,Rensselaer,United States,RNZ,KRZL,40.94789886,-87.18260193,698,-5,A,\N,airport,OurAirports
12918,Ti Tree Airport,Ti Tree,Australia,\N,YTIT,-22.13170052,133.4199982,0,9.5,N,\N,airport,OurAirports
12919,Sabetta International Airport,Sabetta,Russia,SBT,USDA,71.219167,72.052222,46,5,N,\N,airport,OurAirports
12921,Alxa Left Banner Bayanhot Airport,Alxa Left Banner,China,AXF,ZBAL,38.74831,105.58858,4560,8,N,\N,airport,OurAirports
12931,El Fuentero Airport,Svenborg,Denmark,\N,SVFT,7.099999905,-69.58333588,420,1,E,\N,airport,OurAirports
12941,Sturgate Airfield,Eger,Hungary,\N,EGCS,53.3810997,-0.6852779984,58,1,E,\N,airport,OurAirports
12945,Simberi Airport,Simberi Island,Papua New Guinea,NIS,AYSE,-2.662222222,151.9977778,10,10,N,\N,airport,OurAirports
12946,Bulolo Airport,Bulolo,Papua New Guinea,BUL,AYBU,-7.216286671,146.6495419,2240,10,N,\N,airport,OurAirports
12948,Kintore Airport,Kintore,Australia,\N,YKNT,-23.26499939,129.3869934,0,9.5,N,\N,airport,OurAirports
12950,Statesboro Bulloch County Airport,Statesboro,United States,TBR,KTBR,32.48270035,-81.73690033,187,-5,A,\N,airport,OurAirports
12951,Utopia Airport,Utopia,Australia,\N,YUTP,-22.05500031,134.7899933,0,9.5,N,\N,airport,OurAirports
12957,Nyrripi Airport,Nyirripi,Australia,\N,YNRR,-22.64529991,130.5650024,0,9.5,N,\N,airport,OurAirports
12958,Amata Airport,Amata,Australia,AMT,YAMT,-26.10829926,131.2070007,695,9.5,O,\N,airport,OurAirports
12961,Glacier Country Heliport,Franz Josef,New Zealand,\N,NZGH,-43.38722,170.18,457,13,Z,\N,airport,OurAirports
12979,Erldunda Airport,Erldunda,Australia,EDD,YERL,-25.2057991,133.2539978,0,9.5,N,\N,airport,OurAirports
12980,Helisul I Heliport,Foz do Iguassu,Brazil,\N,SSHH,-25.60416794,-54.49361038,732,-3,S,\N,airport,OurAirports
12984,Finke Airport,Finke,Australia,FIK,YFNE,-25.59469986,134.5829926,0,9.5,N,\N,airport,OurAirports
12987,Humberto Ghizzo Bortoluzzi Regional Airport,Jaguaruna,Brazil,JJG,SBJA,-28.6753,-49.0596,120,-3,S,\N,airport,OurAirports
13004,Nypari Airport,Angatja Homeland,Australia,\N,YNYP,-26.20000076,130.2330017,0,9.5,O,\N,airport,OurAirports
13006,Ihtiman Airfield,Ihtiman,Bulgaria,\N,LBHT,42.42189,23.767221,2113,2,E,\N,airport,OurAirports
13009,Vogtareuth Airport,Vogtareuth,Germany,\N,EDNV,47.94610977,12.2047224,1535,1,E,\N,airport,OurAirports
13011,[Duplicate] Illertissen see EDMI - ED-0425 location moved out-of-the way,Not Specified,New Zealand,\N,XXXX,89.5,0.0001,0,0,U,\N,airport,OurAirports
13016,New Smyrna Beach Municipal Airport,New Smyrna Beach,United States,\N,KEVB,29.0557003,-80.94889832,10,-5,A,\N,airport,OurAirports
13018,Las Vegas Helicopters Heliport,Las vegas,United States,\N,NV03,36.10810089,-115.1740036,2133,-8,A,\N,airport,OurAirports
13019,Delta Camp Airport,Delta Camp,Botswana,\N,FBDT,-19.5323,23.0925,3140,2,N,\N,airport,OurAirports
13020,Hwange (Town) Airport,Hwange,Zimbabwe,WKI,FVWT,-18.362967,26.519791,2500,2,N,\N,airport,OurAirports
13022,Harbour (Public) Heliport,Vancouver,Canada,\N,CBC7,49.28689211,-123.1061123,2,-8,A,\N,airport,OurAirports
13023,Victoria Harbour (Camel Point) Heliport,Victoria,Canada,\N,CBF7,48.41809845,-123.3880005,15,-8,A,\N,airport,OurAirports
13032,Shushenskoye Airport,Shushenskoye,Russia,\N,UNAU,53.38499832,92.04499817,0,8,E,\N,airport,OurAirports
13066,Stockerau Airport,Stockerau,Austria,\N,LOAU,48.40999985,16.19169998,686,1,E,\N,airport,OurAirports
13069,KlaipÄ—da Airport,Klaipeda,Lithuania,KLJ,EYKL,55.7118988,21.24279976,59,2,E,\N,airport,OurAirports
13072,Iowa County Airport,MINERAL POINT,United States,\N,KMRJ,42.886799,-90.236198,1171,-5,A,\N,airport,OurAirports
13074,West Bend Municipal Airport,WEST BEND,United States,ETB,KETB,43.42219925,-88.12789917,887,-5,A,\N,airport,OurAirports
13075,Gaylord Regional Airport,GAYLORD,United States,GLR,KGLR,45.01350021,-84.70359802,1328,-4,A,\N,airport,OurAirports
13077,Anderson Municipal Darlington Field,ANDERSON,United States,AID,KAID,40.10860062,-85.61299896,919,-4,A,\N,airport,OurAirports
13078,Cenej Airport,Novi Sad,Serbia,QND,LYNS,45.385799,19.839199,266,1,E,\N,airport,OurAirports
13079,GrundarfjÃ¶rÃ°ur Airport,Grundarfjordur,Iceland,GUU,BIGF,64.99140167,-23.22470093,17,0,U,\N,airport,OurAirports
13080,Prairie Du Chien Municipal Airport,Prairie du Chien,United States,PCD,KPDC,43.01929855,-91.123703,661,-6,A,\N,airport,OurAirports
13097,Cascade Heliport,Kobok,Indonesia,\N,WA98,47.512346,-120.488691,860,9,U,\N,airport,OurAirports
13098,Air Orlando Heliport,Orlando,United States,\N,2FD7,28.43560028,-81.47309875,120,-5,A,\N,airport,OurAirports
13106,TÃ³rshavn/Bodanes Heliport,Torshavn,Faroe Islands,\N,EKTB,62.02170181,-6.757420063,68,0,E,\N,airport,OurAirports
13112,Otjiwarongo Airport,Otjiwarongo,Namibia,OTJ,FYOW,-20.43470001,16.66080093,4859,2,U,\N,airport,OurAirports
13114,RAF Mona,Mona,United Kingdom,\N,EGOQ,53.258598,-4.37355,202,0,E,\N,airport,OurAirports
13120,Rerik-Zweedorf Airport,Rerik,Germany,\N,EDCR,54.08194351,11.64916706,30,1,E,\N,airport,OurAirports
13121,Fazenda Vaticano Airport,Cruz,Brazil,\N,SSVV,-21.294443,-56.11861,1050,-3,U,\N,airport,OurAirports
13123,Stanly County Airport,Albemarle,United States,\N,KVUJ,35.41669846,-80.15080261,609,-4,A,\N,airport,OurAirports
13124,Davidson County Airport,Lexington,United States,\N,KEXX,35.78110123,-80.30380249,733,-4,A,\N,airport,OurAirports
13126,Windwood Fly-In Resort Airport,Davis,United States,\N,WV62,39.05509949,-79.43139648,3210,-4,A,\N,airport,OurAirports
13127,Lathan Strip,Mocksville,United States,\N,5NC2,34.87630081,-80.61920166,575,-4,A,\N,airport,OurAirports
13130,Double Eagle II Airport,Albuquerque,United States,\N,KAEG,35.14519882,-106.7949982,5837,-6,A,\N,airport,OurAirports
13131,Socorro Municipal Airport,Socorro,United States,\N,KONM,34.02249908,-106.9029999,4875,-6,A,\N,airport,OurAirports
13135,Bentonville Municipal-Louise M Thaden Field,Bentonville,United States,\N,KVBT,36.34569931,-94.21929932,1296,-5,A,\N,airport,OurAirports
13137,Blue Ridge Airport,Martinsville,United States,\N,KMTV,36.63069916,-80.01830292,941,-4,A,\N,airport,OurAirports
13138,Mount Airy Surry County Airport,Mount Airy,United States,\N,KMWK,36.45970154,-80.5530014,1249,-4,A,\N,airport,OurAirports
13139,Taos Regional Airport,Taos,United States,TSM,KSKX,36.45819855,-105.6719971,7095,-6,A,\N,airport,OurAirports
13142,Raton Municipal-Crews Field,Raton,United States,RTN,KRTN,36.74150085,-104.5019989,6352,-6,A,\N,airport,OurAirports
13144,Rusk County Airport,Ladysmith,United States,\N,KRCX,45.49679947,-91.00050354,1238,-5,A,\N,airport,OurAirports
13154,Perry Lefors Field,Pampa,United States,PPA,KPPA,35.61299896,-100.9960022,3245,-5,A,\N,airport,OurAirports
13155,William R. Pogue Municipal Airport,Sand Springs,United States,\N,KOWP,36.1753006,-96.15180206,892,-5,A,\N,airport,OurAirports
13156,Marion County Regional Airport,Flippin,United States,FLP,KFLP,36.29090118,-92.59030151,719,-5,A,\N,airport,OurAirports
13158,Hutchinson County Airport,Borger,United States,BGD,KBGD,35.70090103,-101.3939972,3055,-5,A,\N,airport,OurAirports
13176,BudaÃ¶rs Airfield,Budaoers,Hungary,\N,LHBS,47.451099,18.9806,397,1,E,\N,airport,OurAirports
13177,JakabszÃ¡llÃ¡s Airport,Jakabszallas,Hungary,\N,LHJK,46.74720001,19.60560036,348,1,E,\N,airport,OurAirports
13180,St. Helena Airport,Longwood,United Kingdom,HLE,FHSH,-15.957725,-5.645943,1017,0,U,\N,airport,OurAirports
13183,Bonn-Hangelar Airport,Sankt-Augustin,Germany,BNJ,EDKB,50.76889038,7.163332939,197,1,E,\N,airport,OurAirports
13188,Nogliki Airport,Nogliki,Russia,NGK,UHSN,51.780102,143.139008,109,11,N,\N,airport,OurAirports
13189,Santa Ynez Airport,Santa Ynez,United States,SQA,KIZA,34.60680008,-120.0759964,674,-8,A,\N,airport,OurAirports
13192,Delingha Airport,Haixi,China,HXD,ZLDL,37.125286,97.268658,9843,8,N,\N,airport,OurAirports
13193,Qionghai Bo'ao Airport,Qionghai,China,BAR,ZJQH,19.13824,110.454775,30,8,N,\N,airport,OurAirports
13199,Northeim Airport,Northeim,Germany,\N,EDVN,51.70639038,10.03972244,404,1,E,\N,airport,OurAirports
13209,Reggio Emilia Airport,Reggio Emilia,Italy,\N,LIDE,44.698299,10.6628,152,1,E,\N,airport,OurAirports
13210,Bowen Airport,Bowen,Australia,ZBO,YBWN,-20.0182991,148.2149963,8,10,N,\N,airport,OurAirports
13211,Ulanqab Jining Airport,Wulanchabu,China,UCB,ZBUC,41.129722,113.108056,0,8,N,\N,airport,OurAirports
13212,Odienne Airport,Odienne,Cote d'Ivoire,KEO,DIOD,9.5,-7.566999912,1365,0,U,\N,airport,OurAirports
13214,Siguiri Airport,Siguiri,Guinea,GII,GUSI,11.43299961,-9.166999817,1296,0,N,\N,airport,OurAirports
13215,NzÃ©rÃ©korÃ© Airport,Nzerekore,Guinea,NZE,GUNZ,7.806019306,-8.701797485,1657,0,N,\N,airport,OurAirports
13227,Boolgeeda,Brockman,Australia,OCM,YBGD,-22.54,117.275,1871,8,O,\N,airport,OurAirports
13229,Shaoyang Wugang Airport,Shaoyang,China,WGN,ZGSY,26.802,110.642,1444,8,N,\N,airport,OurAirports
13230,9 de Maio - Teixeira de Freitas Airport,Teixeira de Freitas,Brazil,TXF,SNTF,-17.52449989,-39.66849899,344,-3,S,\N,airport,OurAirports
13233,Spartanburg Downtown Memorial Airport,Spartangurg,United States,SPA,KSPA,34.91569901,-81.95649719,801,-5,A,\N,airport,OurAirports
13243,Bajawa Soa Airport,Bajawa,Indonesia,BJW,WATB,-8.70743498,121.0574269,4326,8,U,\N,airport,OurAirports
13248,Torgau-Beilrode Airport,Gransee,Germany,\N,EDOG,51.570907,13.051641,0,1,E,\N,airport,OurAirports
13249,AnnobÃ³n Airport,San Antonio de Pale,Equatorial Guinea,NBN,FGAB,-1.410277,5.621944,82,1,N,\N,airport,OurAirports
13257,Renk Airport,Huangshan,China,\N,HSRN,11.83246927,32.81049728,1278,8,N,\N,airport,OurAirports
13260,Oyo Ollombo Airport,Oyo,Congo (Brazzaville),OLL,FCOD,-1.226666,15.91,1073,1,N,\N,airport,OurAirports
13263,Port Hardy Seaplane Base,Port Hardy,Canada,\N,CAW5,50.71670151,-127.4830017,0,-8,A,\N,airport,OurAirports
13265,Tri-City Airport,Parsons,United States,PPF,KPPF,37.32989883,-95.5062027,900,-6,A,\N,airport,OurAirports
13266,Boun Neau Airport,Phongsaly,Laos,PCQ,VLFL,21.6475,101.9,3050,7,N,\N,airport,OurAirports
13267,Waycross Ware County Airport,Waycross,United States,AYS,KAYS,31.24909973,-82.39550018,142,-5,A,\N,airport,OurAirports
13268,Blaise Diagne International Airport,Diass,Senegal,DSS,GOBD,14.67,-17.073333,290,0,N,\N,airport,OurAirports
13269,Mid-State Regional Airport,Philipsburg,United States,\N,KPSB,40.88439941,-78.08730316,1948,-5,A,\N,airport,OurAirports
13271,Greater Portsmouth Regional Airport,Portsmouth,United States,PMH,KPMH,38.84049988,-82.84729767,663,-5,A,\N,airport,OurAirports
13306,Coonawarra Airport,Coonawarra,Australia,\N,YCNQ,-37.28329849,140.8000031,0,9.5,O,\N,airport,OurAirports
13307,Naracoorte Airport,Naracoorte,Australia,NAC,YNRC,-36.98529816,140.7250061,169,9.5,O,\N,airport,OurAirports
13309,Camilla Mitchell County Airport,Camilla,United States,\N,KCXU,31.21290016,-84.23680115,175,-5,U,\N,airport,OurAirports
13311,Clarenville Airport,Clarenville,Canada,\N,CCZ3,48.27470016,-53.9239006,199,-3.5,A,\N,airport,OurAirports
13315,Ponta Grossa Airport - Comandante Antonio Amilton Beraldo,Ponta Grossa,Brazil,PGZ,SSZW,-25.1847,-50.1441,2588,-3,S,\N,airport,OurAirports
13334,Palenque International Airport,Palenque,Mexico,PQM,MMPQ,17.533153,-92.015484,200,-5,U,\N,airport,OurAirports
13335,Caloundra Airport,Caloundra,Australia,CUD,YCDR,-26.79999924,153.1000061,12,10,N,\N,airport,OurAirports
13336,Clarks Point Airport,Clarks Point,United States,CLP,PFCL,58.83369827,-158.529007,80,-9,A,\N,airport,OurAirports
13339,Ospika Airport,Williston Lake,Canada,\N,CBA9,56.27500153,-124.052002,2300,-8,A,\N,airport,OurAirports
13341,Charlottetown Airport,Charlottetown,Canada,\N,CCH4,52.76499939,-56.11560059,209,-3.5,A,\N,airport,OurAirports
13342,Doris Lake,Doris Lake,Canada,JOJ,CDL7,68.12527466,-106.5852814,50,-7,A,\N,airport,OurAirports
13344,Costa Esmeralda Airport,Tola,Nicaragua,ECI,MNCE,11.427542,-86.033361,84,-6,N,\N,airport,OurAirports
13346,Monte Cristi Airport,Montecristi,Dominican Republic,\N,MDMC,19.86529922,-71.64530182,121,-4,N,\N,airport,OurAirports
13347,El Papalon Airport,San Miguel,El Salvador,\N,MSSM,13.44410038,-88.1269989,283,-6,N,\N,airport,OurAirports
13354,Sandpoint Airport,Sandpoint,United States,\N,KSZT,48.29949951,-116.5599976,2131,-8,A,\N,airport,OurAirports
13355,Attu Heliport,Attu,Greenland,QGQ,BGAT,67.94066286,-53.62186968,32,-3,N,\N,airport,OurAirports
13356,Kangaatsiaq Heliport,Kangaatsiaq,Greenland,QPW,BGKA,68.31265749,-53.46020758,17,-3,N,\N,airport,OurAirports
13357,Kitsissuarsuit Heliport,Kitsissuarsuit,Greenland,QJE,BGKT,68.857926,-53.12329531,18,-3,N,\N,airport,OurAirports
13358,Niaqornaarsuk Heliport,Niaqornaarsuk,Greenland,\N,BGNK,68.236381,-52.852148,152,-3,N,\N,airport,OurAirports
13359,Ilimanaq Heliport,Ilimanaq,Greenland,XIQ,BGIL,69.080915,-51.11431539,52,-3,N,\N,airport,OurAirports
13360,Qeqertaq Heliport,Qeqertaq,Greenland,QQT,BGQE,69.99586111,-51.30091667,69,-3,N,\N,airport,OurAirports
13361,Saqqaq Heliport,Saqqaq,Greenland,\N,BGSQ,70.011448,-51.932142,38,-3,N,\N,airport,OurAirports
13363,Savissivik Heliport,Savissivik,Greenland,\N,BGSV,76.01861346,-65.11768341,24,-4,N,\N,airport,OurAirports
13364,Siorapaluk Heliport,Siorapaluk,Greenland,\N,BGSI,77.78651735,-70.63865662,102,-4,N,\N,airport,OurAirports
13365,Aappilattoq (Qaasuitsup) Heliport,Aappilattoq,Greenland,\N,BGAG,72.88702982,-55.59628665,42,-3,N,\N,airport,OurAirports
13366,Innarsuit Heliport,Innaarsuit,Greenland,\N,BGIN,73.19989534,-56.01081669,95,-3,N,\N,airport,OurAirports
13367,Kangersuatsiaq Heliport,Kangersuatsiaq,Greenland,\N,BGKS,72.38109155,-55.53658605,112,-3,N,\N,airport,OurAirports
13368,Kullorsuaq Heliport,Kullorsuaq,Greenland,\N,BGKQ,74.57804983,-57.22682834,148,-3,N,\N,airport,OurAirports
13369,Nuussuaq Heliport,Nuussuaq,Greenland,\N,BGNU,74.10985285,-57.06503749,184,-3,N,\N,airport,OurAirports
13370,Tasiusaq (Qaasuitsup) Heliport,Tasiusaq,Greenland,\N,BGTA,73.3730545,-56.06027985,181,-3,N,\N,airport,OurAirports
13371,Upernavik Kujalleq Heliport,Upernavik Kujalleq,Greenland,\N,BGKL,72.15274253,-55.53098559,92,-3,N,\N,airport,OurAirports
13372,Aappilattoq (Kujalleq) Heliport,Aappilattoq,Greenland,\N,BGAQ,60.148357,-44.286916,30,-3,U,\N,airport,OurAirports
13373,Tasiusaq (Kujalleq) Heliport,Tasiusaq,Greenland,\N,BGTQ,60.19430531,-44.813447,21,-3,N,\N,airport,OurAirports
13374,Narsaq Kujalleq Heliport,Narsaq Kujalleq,Greenland,\N,BGFD,60.004694,-44.656935,44,-3,N,\N,airport,OurAirports
13375,Ikamiut Heliport,Ikamiut,Greenland,QJI,BGIT,68.6342531,-51.83226228,49,-3,N,\N,airport,OurAirports
13377,Ammassivik Heliport,Ammassivik,Greenland,\N,BGAS,60.597376,-45.382445,71,-3,N,\N,airport,OurAirports
13378,Eqalugaarsuit Heliport,Eqalugaarsuit,Greenland,QFG,BGET,60.61971965,-45.91406196,9,-3,N,\N,airport,OurAirports
13379,Qassimiut Heliport,Qassimiut,Greenland,\N,BGQT,60.78095923,-47.15624928,29,-3,N,\N,airport,OurAirports
13380,Tiniteqilaaq Heliport,Tiniteqilaaq,Greenland,\N,BGTN,65.89202734,-37.78340936,15,-3,N,\N,airport,OurAirports
13381,Isortoq Heliport,Isortoq,Greenland,\N,BGIS,65.54779239,-38.97655249,92,-3,N,\N,airport,OurAirports
13382,Kuummiut Heliport,Kuummiit,Greenland,\N,BGKM,65.86393474,-36.99791908,89,-3,N,\N,airport,OurAirports
13383,Sermiligaaq Heliport,Sermiligaaq,Greenland,\N,BGSG,65.90591976,-36.3782537,33,-3,N,\N,airport,OurAirports
13384,Ikerassaarsuk Heliport,Ikerasaarsuk,Greenland,QRY,BGIK,68.14088101,-53.44145894,165,-3,N,\N,airport,OurAirports
13385,Illorsuit Heliport,Illorsuit,Greenland,\N,BGLL,71.24194404,-53.56287718,154,-3,N,\N,airport,OurAirports
13386,Nuugaatsiaq Heliport,Nuugaatsiaq,Greenland,\N,BGNQ,71.53876875,-53.20503831,57,-3,N,\N,airport,OurAirports
13387,Saattut Heliport,Saattut,Greenland,\N,BGST,70.81117198,-51.63128972,131,-3,N,\N,airport,OurAirports
13388,Ikerasak Heliport,Ikerasak,Greenland,\N,BGIA,70.49814535,-51.3030839,66,-3,N,\N,airport,OurAirports
13389,Niaqornat Heliport,Niaqornat,Greenland,\N,BGNT,70.78938469,-53.66294503,10,-3,N,\N,airport,OurAirports
13390,Ukkusissat Heliport,Ukkusissat,Greenland,\N,BGUT,71.04943849,-51.8900156,223,-3,N,\N,airport,OurAirports
13397,Olhos D`Ã¡gua Airport,Agua Boa,Brazil,\N,SWHP,-14.019444,-52.152222,1506,-4,S,\N,airport,OurAirports
13398,Novo Progresso Airport,Novo Progresso,Brazil,NPR,SJNP,-7.125833,-55.400833,794,-3,S,\N,airport,OurAirports
13399,Adolino Bedin Regional Airport,Sorriso,Brazil,SMT,SBSO,-12.479177,-55.672341,1266,-4,S,\N,airport,OurAirports
13400,Serra da Capivara Airport,Sao Raimundo Nonato,Brazil,\N,SWKQ,-9.082778,-42.644444,1362,-3,S,\N,airport,OurAirports
13401,EncarnaciÃ³n Airport,Encarnacion,Paraguay,ENO,SGEN,-27.227366,-55.837495,659,-4,S,\N,airport,OurAirports
13402,Amatopo Airstrip,Amatopo,Suriname,\N,SMAM,3.547885,-57.633958,0,-3,N,\N,airport,OurAirports
13403,Poeketi Airstrip,Poeketi,Suriname,\N,SMPE,4.126389,-54.623611,0,-3,N,\N,airport,OurAirports
13404,Godo Holo Airstrip,Pikienkondre of Miranda,Suriname,\N,SMGH,4.0583,-54.7861,280,-3,N,\N,airport,OurAirports
13405,Anholt Airport,Anholt,Denmark,\N,EKAT,56.69889832,11.55589962,23,1,E,\N,airport,OurAirports
13411,St Pierre d'OlÃ©ron Airfield,Saint Pierre d'Oleron,France,\N,LFDP,45.959202,-1.31611,20,-1,E,\N,airport,OurAirports
13412,Semur En Auxois Airfield,Semur en Auxois,France,\N,LFGQ,47.481899,4.34417,1053,-1,E,\N,airport,OurAirports
13415,Urzhar Airport,Urzhar,Kazakhstan,UZR,UASU,47.09115,81.66521,0,6,U,\N,airport,OurAirports
13416,Pyramiden Heliport,Pyramiden,Norway,\N,ENPY,78.652322,16.337208,6,1,E,\N,airport,OurAirports
13421,Lipki Air Base,Minsk,Belarus,\N,UMMI,53.913545,27.708775,0,3,N,\N,airport,OurAirports
13422,Zermatt  Heliport,Zermatt,Switzerland,\N,LSEZ,46.02931976,7.75336647,0,1,E,\N,airport,OurAirports
13423,Nikolskoye Airport,Nikolskoye,Russia,\N,UHPX,55.17833328,166.0483398,49,12,N,\N,airport,OurAirports
13424,Tilichiki Airport,Tilichiki,Russia,\N,UHPT,60.38280106,166.026001,7,12,N,\N,airport,OurAirports
13425,Nyurba Airport,Nyurba,Russia,NYR,UENN,63.294998,118.336998,394,9,N,\N,airport,OurAirports
13426,Sakkyryr Airport,Batagay-Alyta,Russia,SUK,UEBS,67.792,130.394,1686,9,N,\N,airport,OurAirports
13427,Ust-Kuyga Airport,Ust-Kuyga,Russia,UKG,UEBT,70.01100159,135.6450043,315,10,N,\N,airport,OurAirports
13428,Verkhnevilyuisk Airport,Verkhnevilyuysk,Russia,VHV,UENI,63.4580574,120.269165,411,9,N,\N,airport,OurAirports
13429,Mendeleyevo Airport,Yuzhno-Kurilsk,Russia,DEE,UHSM,43.95840073,145.6829987,584,11,N,\N,airport,OurAirports
13430,Yamburg Airport,Yamburg,Russia,\N,USMQ,67.986664,75.099998,108,5,N,\N,airport,OurAirports
13431,Shakhtyorsk Airport,Shakhtyorsk,Russia,EKS,UHSK,49.1903,142.082993,50,11,N,\N,airport,OurAirports
13432,Talakan Airport,Talakan,Russia,TLK,UECT,59.876389,111.044444,1329,9,U,\N,airport,OurAirports
13433,Mama Airport,Mama,Russia,\N,UIKM,58.3133316,112.8899994,659,8,N,\N,airport,OurAirports
13435,Aarhus Seaplne Terminal,Aarhus,Denmark,\N,EKAC,56.151717,10.248428,0,2,E,\N,airport,OurAirports
13436,Oakland Troy Airport,Troy,United States,\N,KVLL,42.54290009,-83.17790222,727,-5,A,\N,airport,OurAirports
13437,Stratford Municipal Airport,Stratford,Canada,\N,CYSA,43.41559982,-80.93440247,1215,-5,A,\N,airport,OurAirports
13438,Edmundston Airport,Edmundston,Canada,\N,CYES,47.49060059,-68.48190308,490,-4,A,\N,airport,OurAirports
13439,Red Dog Airport,Red Dog,United States,RDB,PADG,68.03209686,-162.8990021,969,-9,A,\N,airport,OurAirports
13447,Impfondo Airport,Impfondo,Congo (Brazzaville),ION,FCOI,1.616999984,18.06699944,1099,1,N,\N,airport,OurAirports
13448,El Bayadh Airport,El Bayadh,Algeria,EBH,DAOY,33.72166667,1.0925,4493,1,N,\N,airport,OurAirports
13451,Alzintan Airport,Zintan,Libya,ZIS,HLZN,31.774878,12.25006,2080,2,N,\N,airport,OurAirports
13452,Monkey Bay Airport,Monkey Bay,Malawi,MYZ,FWMY,-14.08360004,34.91970062,1580,2,N,\N,airport,OurAirports
13453,SuwaÅ‚ki Airport,Suwalki,Poland,\N,EPSU,54.07279968,22.89920044,581,2,U,\N,airport,OurAirports
13454,Srr Ahmadu Bello International Airport,Birnin Kebbi,Nigeria,\N,DNBK,12.480556,4.369445,775,1,N,\N,airport,OurAirports
13455,Sir Abubakar Tafawa Balewa International Airport,Bauchi,Nigeria,BCU,DNBC,10.482833,9.744,1965,1,N,\N,airport,OurAirports
13456,Gombe Lawanti International Airport,Gombe,Nigeria,GMO,DNGO,10.29833333,10.89638889,1590,1,N,\N,airport,OurAirports
13457,Dutse International Airport,Dutse,Nigeria,\N,DNDS,11.795168,9.311667,1365,1,N,\N,airport,OurAirports
13458,Jalingo Airport,Jalingo,Nigeria,\N,DNJA,8.900587,11.27946,685,1,N,\N,airport,OurAirports
13460,Kolda North Airport,Kolda,Senegal,KDA,GODK,12.89850044,-14.96809959,33,0,N,\N,airport,OurAirports
13463,King Mswati III International Airport,Manzini,Swaziland,SHO,FDSK,-26.358611,31.716944,1092,2,N,\N,airport,OurAirports
13465,Kilwa Masoko Airport,Kilwa Masoko,Tanzania,KIY,HTKI,-8.91123,39.508619,50,3,U,\N,airport,OurAirports
13466,West Kilimanjaro Airport,Kilimanjaro,Tanzania,\N,HTWK,-3.049999952,37,4300,3,N,\N,airport,OurAirports
13467,Moshi Airport,Moshi,Tanzania,QSI,HTMS,-3.363329887,37.32690048,2801,3,N,\N,airport,OurAirports
13468,Mansa Airport,Mansa,Zambia,MNS,FLMA,-11.13700008,28.87260056,4101,2,N,\N,airport,OurAirports
13469,Ghazni Airport,Ghazni,Afghanistan,GZI,OAGN,33.53120041,68.41290283,7150,4.5,N,\N,airport,OurAirports
13470,Baicheng Chang'an Airport,Baicheng,China,DBC,ZYBA,45.505278,123.019722,480,8,N,\N,airport,OurAirports
13471,Longnan Chengzhou Airport,Longnan,China,LNL,ZLLN,33.788,105.797,3707,8,N,\N,airport,OurAirports
13472,Shangrao Sanqingshan Airport,Shangrao,China,SQD,ZSSR,28.3797,117.9643,340,8,N,\N,airport,OurAirports
13473,Songyuan Chaganhu Airport,Songyuan,China,YSQ,ZYSQ,44.938114,124.550178,459,8,N,\N,airport,OurAirports
13474,Jiansanjiang Airport,Jiansanjiang,China,JSJ,ZYJS,47.11,132.660278,0,8,N,\N,airport,OurAirports
13476,Zunyi Maotai Airport,Zunyi,China,WMT,ZUMT,27.81638,106.33268,4068,8,N,\N,airport,OurAirports
13477,Libo Airport,Libo,China,LLB,ZULB,25.4525,107.961667,0,8,N,\N,airport,OurAirports
13478,Chengde Puning Airport,Chengde,China,CDE,ZBCD,41.1225,118.073889,0,8,N,\N,airport,OurAirports
13479,Wudalianchi Dedu Airport,Wudalianchi,China,DTU,ZYDU,48.445,126.133,984,8,N,\N,airport,OurAirports
13480,Ejin Banner-Taolai Airport,Ejin Banner,China,EJN,ZBEN,42.0155,101.0005,3077,8,N,\N,airport,OurAirports
13481,Alxa Right Banner Badanjilin Airport,Alxa Right Banner,China,RHT,ZBAR,39.225,101.546,4659,8,N,\N,airport,OurAirports
13482,Holingol Huolinhe Airport,Holingol,China,HUO,ZBHZ,45.487222,119.407222,0,8,N,\N,airport,OurAirports
13483,Golog Maqin Airport,Golog,China,GMQ,ZLGL,34.418066,100.301144,12426,8,N,\N,airport,OurAirports
13485,Yeerqiang Airport,Yarkant,China,QSZ,ZWSC,38.281055,77.075192,4232,8,N,\N,airport,OurAirports
13487,Tezu Airport,Tezu,India,TEI,VETJ,27.94120026,96.13439941,800,5.5,N,\N,airport,OurAirports
13488,Cangyuan Washan Airport,Cangyuan,China,CWJ,ZPCW,23.273889,99.373611,0,8,N,\N,airport,OurAirports
13489,Lancang Jingmai Airport,Lancang Lahu,China,JMJ,ZPJM,22.415833,99.786389,0,8,N,\N,airport,OurAirports
13490,Ninglang Luguhu Airport,Ninglang,China,NLH,ZPNL,27.5403,100.7593,10804,8,N,\N,airport,OurAirports
13491,Pimenta Bueno Airport,Pimenta Bueno,Brazil,PBQ,SWPM,-11.64159966,-61.17910004,682,-4,S,\N,airport,OurAirports
13492,Ariquemes Airport,ARIQUEMES,Brazil,\N,SJOG,-9.884721756,-63.04888916,530,-4,S,\N,airport,OurAirports
13493,Fazenda Spartacus Airport,COLNIZA,Brazil,\N,SIXZ,-24,-48.60833359,2346,-4,S,\N,airport,OurAirports
13494,Xinzhou Wutaishan Airport,Xinzhou,China,WUT,ZBXZ,38.597456,112.969173,2527,8,N,\N,airport,OurAirports
13496,Chengjisihan Airport,Zhalantun,China,NZL,ZBZL,47.865833,122.767503,928,8,N,\N,airport,OurAirports
13497,Fazenda Mequens Airport,ALTA FLORESTA D'OESTE,Brazil,\N,SJTF,-13.06194401,-62.25749969,552,-4,S,\N,airport,OurAirports
13498,Prainha Airport,APUI,Brazil,\N,SWYN,-7.172870159,-59.83959961,197,-4,S,\N,airport,OurAirports
13499,Mostardas Airport,SANTO ANTONIO DO MATUPI,Brazil,\N,SSMT,-31.10359955,-50.91030121,59,-4,S,\N,airport,OurAirports
13500,Santo Domingo Airport,CONSELVAN,Brazil,\N,SCSN,-33.65639877,-71.61440277,246,-4,S,\N,airport,OurAirports
13502,Adampur Airport,Adampur,India,AIP,VIAX,31.4338,75.758797,775,5.5,N,\N,airport,OurAirports
13511,Vijayanagar Aerodrome (JSW),Toranagallu,India,VDY,VOJV,15.17496667,76.63494722,1670,5.5,N,\N,airport,OurAirports
13513,Shirdi Airport,Shirdi,India,SAG,VASD,19.688611,74.378889,1926,5.5,N,\N,airport,OurAirports
13514,Jeypore Airport,Jeypore,India,PYB,VEJP,18.87999916,82.55200195,1952,5.5,N,\N,airport,OurAirports
13520,Trunojoyo Airport,Sumenep,Indonesia,SUP,WART,-7.0242,113.89023,10,7,N,\N,airport,OurAirports
13521,Lasondre Airport,Batu Islands,Indonesia,\N,WIMO,-0.01924,98.30097,30,7,N,\N,airport,OurAirports
13525,Rokot Airport,Sipora,Indonesia,RKO,WIBR,-2.099119902,99.70069885,1,7,N,\N,airport,OurAirports
13529,Pasir Pangaraan Airport,Pasir Pangaraian,Indonesia,PPR,WIDE,0.8454310298,100.3700027,151,7,N,\N,airport,OurAirports
13530,Sei Bati Airport,Tanjung Balai Karimun,Indonesia,TJB,WIBT,1.0527,103.3931,33,7,N,\N,airport,OurAirports
13532,Departi Parbo Airport,Kerinci Regency,Indonesia,KRC,WIPH,-2.093,101.4683,2600,7,N,\N,airport,OurAirports
13535,Namrole Airport,Buru Island,Indonesia,NRE,WAPG,-3.8548,126.7012,31,9,N,\N,airport,OurAirports
13538,Namlea Airport,Namlea,Indonesia,NAM,WAPR,-3.235569954,127.0999985,41,9,N,\N,airport,OurAirports
13540,Rar Gwamar Airport,Dobo,Indonesia,DOB,WAPD,-5.772220135,134.2120056,61,9,N,\N,airport,OurAirports
13543,Emalamo Sanana Airport,Sanana,Indonesia,SQN,WAPN,-2.080509901,125.9670029,39,9,N,\N,airport,OurAirports
13544,Ayawasi Airport,Ayawasi,Indonesia,AYW,WASA,-1.1593,132.4633,1560,9,N,\N,airport,OurAirports
13545,Bunyu Airport,Bunyu,Indonesia,BYQ,WALV,3.455719948,117.8669968,118,8,N,\N,airport,OurAirports
13546,Buol Airport,Buol,Indonesia,UOL,WAMY,1.1027,121.4141,27,8,N,\N,airport,OurAirports
13548,Sugimanuru Airport,Raha,Indonesia,RAQ,WAWR,-4.760557,122.569371,132,8,N,\N,airport,OurAirports
13550,Jask Airport,Jask,Iran,JSK,OIZJ,25.653601,57.799301,19,3.5,E,\N,airport,OurAirports
13551,Frankfort Dow Memorial Field,Frankfort,United States,\N,KFKS,44.62519836,-86.20079803,633,-5,A,\N,airport,OurAirports
13552,Cheboygan County Airport,Cheboygan,United States,\N,KSLH,45.65370178,-84.51930237,639,-5,A,\N,airport,OurAirports
13553,Kozushima Airport,Kozushima,Japan,\N,RJAZ,34.18999863,139.1340027,452,9,N,\N,airport,OurAirports
13561,Kazarman Airport,Kazarman,Kyrgyzstan,\N,UAFZ,41.41029081,74.04441834,4298,6,N,\N,airport,OurAirports
13562,Kerben Airport,Kerben,Kyrgyzstan,\N,UAFE,41.48450089,71.73370361,4199,6,N,\N,airport,OurAirports
13564,Naryn Airport,Naryn,Kyrgyzstan,\N,UAFN,41.44150162,76.13059998,6998,6,N,\N,airport,OurAirports
13566,Sayaboury Airport,Sainyabuli,Laos,ZBY,VLSB,19.2436,101.7093,962,7,N,\N,airport,OurAirports
13572,Baglung Airport,Baglung,Nepal,BGL,VNBL,28.21279907,83.66629791,3320,5.75,N,\N,airport,OurAirports
13573,Rajbiraj Airport,Rajbiraj,Nepal,RJB,VNRB,26.510066,86.733902,250,5.45,N,\N,airport,OurAirports
13575,Duqm International Airport,Duqm,Oman,DQM,OODQ,19.501944,57.634167,364,4,N,\N,airport,OurAirports
13580,Palanan Community Airport,Palanan,Philippines,\N,RPLN,17.065667,122.427671,52,8,N,\N,airport,OurAirports
13581,Itbayat Airport,Itbayat,Philippines,\N,RPLT,20.722521,121.809969,328,8,N,\N,airport,OurAirports
13583,Catbalogan Airport,Catbalogan City,Philippines,\N,RPVY,11.81,124.83,0,8,N,\N,airport,OurAirports
13584,Maasin Airport,Maasin,Philippines,\N,RPSM,10.18729973,124.7819977,328,8,N,\N,airport,OurAirports
13592,Bantayan Airport,Bantayan,Philippines,\N,RPSB,11.1624,123.7848,60,8,N,\N,airport,OurAirports
13593,Biliran Airport,Biliran,Philippines,\N,RPVQ,11.51591783,124.4289851,0,8,N,\N,airport,OurAirports
13595,Fazenda VÃ¡rzea Funda Airport,PRIMAVERA D'OESTE,Brazil,\N,SIEL,-16.58361053,-57.73222351,709,-4,S,\N,airport,OurAirports
13597,Primavera do Leste Airport,PRIMAVERA DO LESTE,Brazil,\N,SWPY,-15.56555557,-54.33777618,2149,-4,S,\N,airport,OurAirports
13598,Croker Island Airport,Croker Island,Australia,CKI,YCKI,-11.16499996,132.4830017,16,9.5,N,\N,airport,OurAirports
13599,The Granites Airport,The Granites,Australia,\N,YTGT,-20.54829979,130.3470001,0,9.5,N,\N,airport,OurAirports
13600,Barimunya Airport,Barimunya,Australia,BYP,YBRY,-22.6739006,119.1660004,2082,8,N,\N,airport,OurAirports
13601,Laucala Island Airport,Laucala,Fiji,LUC,NFNH,-16.74810028,-179.6670074,10,12,U,\N,airport,OurAirports
13602,Yasawa Island Airport,Yasawa Island,Fiji,YAS,NFSW,-16.75889969,177.5449982,37,12,Z,\N,airport,OurAirports
13606,North Shore Aerodrome,North Shore,New Zealand,\N,NZNE,-36.65670013,174.6549988,210,12,Z,\N,airport,OurAirports
13607,John C Tune Airport,Nashville,United States,\N,KJWN,36.18239975,-86.88670349,495,-5,A,\N,airport,OurAirports
13608,Okiwi Station Airport,Okiwi,New Zealand,\N,NZOX,-36.14640045,175.4190063,10,12,Z,\N,airport,OurAirports
13609,Waiheke Reeve Airport,Waiheke Island,New Zealand,WIK,NZKE,-36.80889893,175.0859985,226,12,Z,\N,airport,OurAirports
13610,Karamea Airport,Karamea,New Zealand,\N,NZKM,-41.23669815,172.1049957,30,12,Z,\N,airport,OurAirports
13621,Jastarnia Airport,Jastarnia,Poland,\N,EPJA,54.71028137,18.64528084,3,2,E,\N,airport,OurAirports
13622,Nop Goliat Airport,Dekai,Indonesia,DEX,WAVD,-4.8557,139.482006,198,9,N,\N,airport,OurAirports
13623,Napuka Island Airport,Napuka,French Polynesia,NAU,NTGN,-14.17679977,-141.2669983,7,-10,N,\N,airport,OurAirports
13624,Faaite Airport,Faaite,French Polynesia,FAC,NTKF,-16.68670082,-145.3289948,7,-10,N,\N,airport,OurAirports
13625,Nukutavake Airport,Nukutavake,French Polynesia,NUK,NTGW,-19.28499985,-138.7720032,17,-10,N,\N,airport,OurAirports
13626,Vahitahi Airport,Vahitahi,French Polynesia,VHZ,NTUV,-18.78000069,-138.8529968,9,-10,N,\N,airport,OurAirports
13627,Hikueru Atoll Airport,Hikueru,French Polynesia,HHZ,NTGH,-17.54470062,-142.6139984,5,-10,N,\N,airport,OurAirports
13628,Raroia Airport,Raroia,French Polynesia,RRR,NTKO,-16.045,-142.476944,18,-10,N,\N,airport,OurAirports
13629,Kauehi Airport,Kauehi,French Polynesia,KHZ,NTKA,-15.78079987,-145.1239929,13,-10,N,\N,airport,OurAirports
13630,Tatakoto Airport,Tatakoto,French Polynesia,TKV,NTGO,-17.3553009,-138.4450073,12,-10,N,\N,airport,OurAirports
13631,Sasereme Airport,Sasereme,Papua New Guinea,TDS,AYSS,-7.6217,142.868,121,10,N,\N,airport,OurAirports
13632,Tanah Merah Airport,Boven Digoel,Indonesia,TMH,WAKT,-6.099219799,140.2980042,57,9,N,\N,airport,OurAirports
13635,Denali Airport,McKinley Park,United States,\N,AK06,63.64509964,-148.7980042,2050,-9,A,\N,airport,OurAirports
13636,Comte. Rolim Adolfo Amaroâ€“JundiaÃ­ State Airport,Jundiai,Brazil,\N,SBJD,-23.180369,-46.944408,2484,-3,S,\N,airport,OurAirports
13642,Potomac Airpark,Berkeley Springs,United States,\N,KW35,39.69260025,-78.16609955,412,-5,A,\N,airport,OurAirports
13643,Helisul IV Heliport,Foz Do Iguacu,Brazil,\N,SSHS,-25.61305618,-54.39805603,676,-3,N,\N,airport,OurAirports
13647,Brits Airport,Brits,South Africa,\N,FABS,-25.53230095,27.77589989,3756,2,U,\N,airport,OurAirports
13648,West Melton Aerodrome,West Melton,New Zealand,\N,NZWL,-43.47669983,172.3970032,312,12,Z,\N,airport,OurAirports
13649,Rangiora Airfield,Rangiora,New Zealand,\N,NZRT,-43.29000092,172.5420074,180,12,U,\N,airport,OurAirports
13668,Fazenda Jatobasso Airport,JARU,Brazil,\N,SIDG,-22.42916679,-55.53333282,2152,-4,S,\N,airport,OurAirports
13669,FIC Heliport,MACHADINHO D'OESTE,Brazil,\N,SIMC,-22.71138954,-47.14110947,1985,-4,S,\N,airport,OurAirports
13671,Noonkanbah Airport,Noonkanbah,Australia,NKB,YNKA,-18.49469948,124.8519974,0,8,N,\N,airport,OurAirports
13677,Algeciras Heliport,Algeciras,Spain,AEI,LEAG,36.12888,-5.441118,98,-2,E,\N,airport,OurAirports
13681,Chepelevka Airport,Uzyn,Ukraine,\N,UKKH,49.79059982,30.44140053,568,2,E,\N,airport,OurAirports
13683,Fazenda SÃ£o Nicolau Airport,COTRIGUACU,Brazil,\N,SWQT,-9.864443779,-58.22916794,738,0,U,\N,airport,OurAirports
13684,Kisoro Airport,Kisoro,Uganda,\N,HUKI,-1.2837,29.7197,6200,3,N,\N,airport,OurAirports
13687,Kasese Airport,Kasese,Uganda,KSE,HUKS,0.1829999983,30.10000038,3146,3,N,\N,airport,OurAirports
13694,Stennis International Airport,Bay St. Louis,United States,\N,KHSA,30.36779976,-89.45459747,23,-5,A,\N,airport,OurAirports
13695,Sunchales Aeroclub Airport,Sunchales,Argentina,NCJ,SAFS,-30.9575,-61.5283,311,-3,N,\N,airport,OurAirports
13696,Istanbul Airport,Istanbul,Turkey,IST,LTFM,41.275278,28.751944,325,3,E,\N,airport,OurAirports
13707,Seldovia Airport,Seldovia,United States,SOV,PASO,59.44240189,-151.7039948,29,-9,A,\N,airport,OurAirports
13711,Lutselk'e Airport,Lutselk'e,Canada,YSG,CYLK,62.418303,-110.681998,596,\N,\N,\N,airport,OurAirports
13712,EngelÃ¸y Airport,EngelÃ¸y,Norway,\N,ENEN,67.967222,14.9925,0,\N,\N,\N,airport,OurAirports
13713,Dwangwa Airport,Dwangwa,Malawi,DWA,FWDW,-12.5183,34.131901,1605,\N,\N,\N,airport,OurAirports
13714,"Paloich Airport, Heliport",Higleig,South Sudan,HGI,HSFA,10.529167,32.500556,1290,\N,\N,\N,airport,OurAirports
13715,Julian Carroll Airport,Jackson,United States,\N,KJKL,37.59389877,-83.31729889,1381,\N,\N,\N,airport,OurAirports
13716,Beaufort MCAS - Merritt Field,Beaufort,United States,\N,KNBC,32.47740173,-80.72319794,37,\N,\N,\N,airport,OurAirports
13717,Camp Pendleton MCAS (Munn Field) Airport,Oceanside,United States,\N,KNFG,33.30130005,-117.3550034,78,\N,\N,\N,airport,OurAirports
13718,Aerodromo de Castelo Branco,Castelo Branco,Portugal,\N,LPCB,39.847022,-7.44111,1300,\N,\N,\N,airport,OurAirports
13719,Ponte de Sor Airport,Ponte de SÃ´r,Portugal,\N,LPSO,39.211559,-8.056542,0,\N,\N,\N,airport,OurAirports
13720,Vilar de Luz Airfield,Maia,Portugal,\N,LPVL,41.27729,-8.516209,762,\N,\N,\N,airport,OurAirports
13721,Hard Bargain Airport,,Bahamas,\N,MYLR,23.011194,-74.905889,0,\N,\N,\N,airport,OurAirports
13722,Kenebetsu JASDF Airfield,Kenebetsu,Japan,\N,RJCS,43.425154,144.741354,0,\N,\N,\N,airport,OurAirports
13723,Augusto Severo Airport,Natal,Brazil,\N,SBNT,-5.911419868,-35.24769974,169,\N,\N,\N,airport,OurAirports
13724,Kishangarh Airport,Ajmer,India,KQH,VIKG,26.601473,74.814147,0,\N,\N,\N,airport,OurAirports
13725,Kannur International Airport,Kannur,India,CNN,VOKN,11.918614,75.547211,330,\N,\N,\N,airport,OurAirports
13726,Beijing Xijiao Airport,Beijing,China,\N,ZBBB,39.9608,116.257004,0,\N,\N,\N,airport,OurAirports
13735,Flores Airport,MANAUS,Brazil,\N,SWFN,-3.072777987,-60.02111053,203,-4,S,\N,airport,OurAirports
13752,Umuwa Airport,Umuwa,Australia,\N,YUMU,-26.48670006,132.0399933,0,9.5,O,\N,airport,OurAirports
13754,La AraucanÃ­a Airport,Temuco,Chile,ZCO,SCQP,-38.9259,-72.6515,333,-3,S,\N,airport,OurAirports
13756,Arathusa Safari Lodge Airport,Arathusa,South Africa,ASS,FACC,-24.744165,31.522499,1200,2,U,\N,airport,OurAirports
13757,Vidalia Regional Airport,Vidalia,United States,VDI,KVDI,32.19269943,-82.37120056,275,-4,A,\N,airport,OurAirports
13758,Granbury Regional Airport,Granbury,United States,\N,KGDJ,32.44440079,-97.81690216,778,-5,A,\N,airport,OurAirports
13759,Oswego County Airport,Fulton,United States,\N,KFZY,43.35079956,-76.38809967,475,-4,A,\N,airport,OurAirports
13760,New Islamabad International Airport,Islamabad,Pakistan,ISB,OPIS,33.560713,72.851613,1646,5,U,\N,airport,OurAirports
13762,Vumbura Airport,Vumburu,Botswana,\N,FBVM,-18.955395,22.814533,3185,2,N,\N,airport,OurAirports
13763,Farm Whitwater East Landing Strip,Hardap,Namibia,\N,FYGK,-24.629999,15.9392,857,2,N,\N,airport,OurAirports
13765,Muwaffaq Salti Air Base,AZRAQ,Jordan,\N,OJ40,31.82559967,36.7820015,1706,2,U,\N,airport,OurAirports
13771,KirkjubÃ¦jarklaustur Airport,Kirkjubaejarklaustur ,Iceland,\N,BIKL,63.79079819,-18.00139999,66,0,N,\N,airport,OurAirports
13772,Fazenda Uiapuru Airport,COMODORO,Brazil,\N,SWVJ,-13.66388893,-56.00222015,1519,-4,S,\N,airport,OurAirports
13773,Whitehorse Seaplane Base,Whitehorse,Canada,\N,CEZ5,60.69110107,-135.0370026,2138,-8,A,\N,airport,OurAirports
13777,Pertominsk Airport,Pertominsk,Russia,\N,ULAT,64.79000092,38.41999817,56,4,N,\N,airport,OurAirports
13792,Mount Weld Airport,Laverton,Australia,\N,YMNW,-28.77169991,122.4400024,0,8,N,\N,airport,OurAirports
13793,Kidston Airport,Kidston,Australia,\N,YKID,-18.87000084,144.1730042,494,10,U,\N,airport,OurAirports
13802,Klaksvik Heliport,Klaksvik,Faroe Islands,\N,EKKV,62.21784973,-6.576454639,263,0,E,\N,airport,OurAirports
13803,Mitchell Municipal Airport,Mitchell,United States,MHE,KMHE,43.77479935,-98.03859711,1304,-6,A,\N,airport,OurAirports
13805,Hunda Airport,Tubu Tree Camp,Botswana,\N,FBHU,-19.2765,22.475646,3195,2,N,\N,airport,OurAirports
13808,Mchauru Airport,Geita,Tanzania,GIT,HTRU,-2.813667,32.172472,3955,3,N,\N,airport,OurAirports
13821,Gitega Airport,Gitega,Burundi,GID,HBBE,-3.417209,29.911308,5741,2,U,\N,airport,OurAirports
13829,RegiÃ³n de Murcia International Airport,Murcia,Spain,RMU,LEMI,37.803,-1.125,632,1,E,\N,airport,OurAirports
13830,Fazenda Kajussol Airport,Alta Floresta D'Oeste,Brazil,\N,SJYD,-11.96472168,-61.6866684,636,-4,S,\N,airport,OurAirports
13880,Pelee Island Airport,Pelee,Canada,\N,CYPT,41.78039932,-82.6780014,572,-5,A,\N,airport,OurAirports
13881,Costa Marques Airport,COSTA MARQUES,Brazil,CQS,SWCQ,-12.42109966,-64.25160217,555,-4,S,\N,airport,OurAirports
13891,Mangalore Airport,Mangalore,Australia,\N,YMNG,-36.88830185,145.1840057,467,10,O,\N,airport,OurAirports
14086,San Isidro del General Airport,San Isidro,Costa Rica,\N,MRSI,9.352620125,-83.71309662,2100,-6,N,\N,airport,OurAirports
14087,Zabrat Airport,Baku,Azerbaijan,ZXT,UBTT,40.49554222,49.97680664,36,\N,\N,\N,airport,OurAirports
14088,Bezmer Air Base,Yambol,Bulgaria,JAM,LBIA,42.45489883,26.35219955,509,\N,\N,\N,airport,OurAirports
14089,Osovtsy Air Base,Byaroza,Belarus,\N,UMMO,52.55699921,24.88400078,0,\N,\N,\N,airport,OurAirports
14090,Yuanmou Air Base,Yuanmou,China,YUA,ZPYM,25.73749924,101.8820038,3810,\N,\N,\N,airport,OurAirports
14091,Changsha Datuopu Airport/AFB,Changsha,China,\N,ZGCS,28.06889915,112.9580002,170,\N,\N,\N,airport,OurAirports
14092,Xingcheng Air Base,,China,XEN,ZYXC,40.58029938,120.697998,30,\N,\N,\N,airport,OurAirports
14093,Lefkoniko Airport,GeÃ§itkale,Cyprus,GEC,LCGK,35.235947,33.724358,146,\N,\N,\N,airport,OurAirports
14095,Songwe Airport,Mbeya,Tanzania,MBI,HTGW,-8.919942,33.273981,4412,\N,\N,\N,airport,OurAirports
14096,Kalocsa/FoktÅ‘ Airport,Kalocsa/FoktÅ‘,Hungary,\N,LHKA,46.549613,18.942421,284,\N,\N,\N,airport,OurAirports
14097,Bilogai-Sugapa Airport,Sugapa-Papua Island,Indonesia,UGU,WABV,-3.73956,137.031998,7348,\N,\N,\N,airport,OurAirports
14098,Jakkur Aerodrome,Bengaluru,India,\N,VOJK,13.07674,77.597645,3013,\N,\N,\N,airport,OurAirports
14099,Jalal-Abad Airport,Jalal-Abad,Kyrgyzstan,\N,UAFJ,40.944401,72.977798,2591,\N,\N,\N,airport,OurAirports
14100,Ramon Airport,Eilat,Israel,ETM,LLER,29.723694,35.011416,288,\N,\N,\N,airport,OurAirports
14101,Rustaq Airport,Al Masna'ah,Oman,MNH,OORQ,23.640556,57.4875,349,\N,\N,\N,airport,OurAirports
14102,Laguindingan Airport,Cagayan de Oro City,Philippines,CGY,RPMY,8.612203,124.456496,190,\N,\N,\N,airport,OurAirports
14103,Kostomuksha Airport,Kostomuksha,Russia,\N,ULPM,64.61799622,30.68700027,681,\N,\N,\N,airport,OurAirports
14104,Privolzhskiy Air Base,Astrakhan,Russia,\N,XRAP,46.396,47.893,-66,\N,\N,\N,airport,OurAirports
14105,Kubinka Air Base,Kubinka,Russia,\N,UUMB,55.611695,36.650002,614,\N,\N,\N,airport,OurAirports
14106,Rogachyovo Air Base,Belaya,Russia,\N,ULDA,71.61669922,52.47829819,272,\N,\N,\N,airport,OurAirports
14107,Ulan-Ude East Airport,Ulan Ude,Russia,\N,XIUW,51.84999847,107.737999,1670,\N,\N,\N,airport,OurAirports
14108,Krechevitsy Air Base,Novgorod,Russia,\N,ULLK,58.625,31.38500023,85,\N,\N,\N,airport,OurAirports
14109,Desierto de Atacama Airport,Copiapo,Chile,CPO,SCAT,-27.26119995,-70.77919769,670,\N,\N,\N,airport,OurAirports
14110,Melitopol Air Base,Melitopol,Ukraine,\N,UKDM,46.880001,35.305,0,\N,\N,\N,airport,OurAirports